Workbook

Sheet Sheet1
A1: Tree | B1: Species | C1: Site | E1: Ring | F1: Ring Width | G1: Cell # (LW --> EW) | H1: Tracheid Length (pixels?) | M1: Graphing
D2: Year | H2: Line 1 | I2: Line 2 | J2: Line 3 | K2: Line 4 | L2: Line 5 | M2: Mean | N2: SD | O2: POS | P2: NEG | Q2: Mean (um) | R2: SD (um) | S2: POS (um) | T2: NEG (um) | X2: Max
A3: Above P1 -1 | B3: ES | C3: Cliff | D3: 2022 | E3: 1 | F3: 1208.954 | G3: 1 | H3: 3 | I3: 3.162 | J3: 4 | K3: 5 | L3: 6.325 | M3: =AVERAGE(H3:L3) -> 4.2974 | N3: =STDEV(H3:L3) -> 1.3843442 | O3: =M3+N3 -> 5.6817442 | P3: =M3-N3 -> 2.9130558 | Q3: =M3/1.325 -> 3.2433208 | R3: =N3/1.325 -> 1.0447881 | S3: =Q3+R3 -> 4.2881088 | T3: =Q3-R3 -> 2.1985327 | U3: 1 | V3: =F3/1.325 -> 912.41811
A4: Above P1 -1 | B4: ES | C4: Cliff | E4: 1 | G4: 2 | H4: 3 | I4: 6 | J4: 5 | K4: 4.123 | L4: 6.325 | M4: =AVERAGE(H4:L4) -> 4.8896 | N4: =STDEV(H4:L4) -> 1.365999 | O4: =M4+N4 -> 6.255599 | P4: =M4-N4 -> 3.523601 | Q4: =M4/1.325 -> 3.6902642 | R4: =N4/1.325 -> 1.0309427 | S4: =Q4+R4 -> 4.7212068 | T4: =Q4-R4 -> 2.6593215 | U4: 2 | V4: =F45/1.325 -> 912.96679
A5: Above P1 -1 | B5: ES | C5: Cliff | E5: 1 | G5: 3 | H5: 3.162 | I5: 3 | J5: 4 | K5: 7.28 | L5: 9.055 | M5: =AVERAGE(H5:L5) -> 5.2994 | N5: =STDEV(H5:L5) -> 2.7189827 | O5: =M5+N5 -> 8.0183827 | P5: =M5-N5 -> 2.5804173 | Q5: =M5/1.325 -> 3.9995472 | R5: =N5/1.325 -> 2.0520624 | S5: =Q5+R5 -> 6.0516096 | T5: =Q5-R5 -> 1.9474848 | U5: 3 | V5: =F86/1.325 -> 575.53811
A6: Above P1 -1 | B6: ES | C6: Cliff | E6: 1 | G6: 4 | H6: 1 | I6: 5.099 | J6: 5.099 | K6: 8.062 | L6: 8.246 | M6: =AVERAGE(H6:L6) -> 5.5012 | N6: =STDEV(H6:L6) -> 2.9443146 | O6: =M6+N6 -> 8.4455146 | P6: =M6-N6 -> 2.5568854 | Q6: =M6/1.325 -> 4.1518491 | R6: =N6/1.325 -> 2.2221243 | S6: =Q6+R6 -> 6.3739733 | T6: =Q6-R6 -> 1.9297248 | U6: 4 | V6: =F112/1.325 -> 723.35019
A7: Above P1 -1 | B7: ES | C7: Cliff | E7: 1 | G7: 5 | H7: 7.071 | I7: 5 | J7: 7.28 | K7: 6.083 | L7: 7.28 | M7: =AVERAGE(H7:L7) -> 6.5428 | N7: =STDEV(H7:L7) -> 0.99468221 | O7: =M7+N7 -> 7.5374822 | P7: =M7-N7 -> 5.5481178 | Q7: =M7/1.325 -> 4.9379623 | R7: =N7/1.325 -> 0.75070356 | S7: =Q7+R7 -> 5.6886658 | T7: =Q7-R7 -> 4.1872587 | U7: 5 | V7: =F148/1.325 -> 914.2717
A8: Above P1 -1 | B8: ES | C8: Cliff | E8: 1 | G8: 5 | H8: 6.083 | I8: 6.083 | J8: 6.325 | K8: 7.071 | L8: 6.083 | M8: =AVERAGE(H8:L8) -> 6.329 | N8: =STDEV(H8:L8) -> 0.42782239 | O8: =M8+N8 -> 6.7568224 | P8: =M8-N8 -> 5.9011776 | Q8: =M8/1.325 -> 4.7766038 | R8: =N8/1.325 -> 0.32288482 | S8: =Q8+R8 -> 5.0994886 | T8: =Q8-R8 -> 4.4537189
A9: Above P1 -1 | B9: ES | C9: Cliff | E9: 1 | G9: 6 | H9: 3 | I9: 7.28 | J9: 6 | K9: 6.083 | L9: 8.246 | M9: =AVERAGE(H9:L9) -> 6.1218 | N9: =STDEV(H9:L9) -> 1.9758308 | O9: =M9+N9 -> 8.0976308 | P9: =M9-N9 -> 4.1459692 | Q9: =M9/1.325 -> 4.6202264 | R9: =N9/1.325 -> 1.491193 | S9: =Q9+R9 -> 6.1114194 | T9: =Q9-R9 -> 3.1290334
A10: Above P1 -1 | B10: ES | C10: Cliff | E10: 1 | G10: 7 | H10: 11.402 | I10: 7.616 | J10: 7.071 | K10: 11.402 | L10: 9.055 | M10: =AVERAGE(H10:L10) -> 9.3092 | N10: =STDEV(H10:L10) -> 2.0433249 | O10: =M10+N10 -> 11.352525 | P10: =M10-N10 -> 7.2658751 | Q10: =M10/1.325 -> 7.0258113 | R10: =N10/1.325 -> 1.542132 | S10: =Q10+R10 -> 8.5679433 | T10: =Q10-R10 -> 5.4836793
A11: Above P1 -1 | B11: ES | C11: Cliff | E11: 1 | G11: 8 | H11: 10 | I11: 9 | J11: 10.198 | K11: 11.402 | L11: 11.402 | M11: =AVERAGE(H11:L11) -> 10.4004 | N11: =STDEV(H11:L11) -> 1.0208833 | O11: =M11+N11 -> 11.421283 | P11: =M11-N11 -> 9.3795167 | Q11: =M11/1.325 -> 7.8493585 | R11: =N11/1.325 -> 0.77047799 | S11: =Q11+R11 -> 8.6198365 | T11: =Q11-R11 -> 7.0788805
A12: Above P1 -1 | B12: ES | C12: Cliff | E12: 1 | G12: 10 | H12: 10.05 | I12: 12.649 | J12: 13.342 | K12: 18.974 | L12: 16.763 | M12: =AVERAGE(H12:L12) -> 14.3556 | N12: =STDEV(H12:L12) -> 3.5214789 | O12: =M12+N12 -> 17.877079 | P12: =M12-N12 -> 10.834121 | Q12: =M12/1.325 -> 10.834415 | R12: =N12/1.325 -> 2.6577199 | S12: =Q12+R12 -> 13.492135 | T12: =Q12-R12 -> 8.1766952
A13: Above P1 -1 | B13: ES | C13: Cliff | E13: 1 | G13: 11 | H13: 19.416 | I13: 10.05 | J13: 11.045 | K13: 17.088 | L13: 19.647 | M13: =AVERAGE(H13:L13) -> 15.4492 | N13: =STDEV(H13:L13) -> 4.5986691 | O13: =M13+N13 -> 20.047869 | P13: =M13-N13 -> 10.850531 | Q13: =M13/1.325 -> 11.659774 | R13: =N13/1.325 -> 3.4706937 | S13: =Q13+R13 -> 15.130467 | T13: =Q13-R13 -> 8.1890799
A14: Above P1 -1 | B14: ES | C14: Cliff | E14: 1 | G14: 12 | H14: 13.342 | I14: 10.77 | J14: 8.544 | K14: 11.705 | L14: 18.028 | M14: =AVERAGE(H14:L14) -> 12.4778 | N14: =STDEV(H14:L14) -> 3.5545796 | O14: =M14+N14 -> 16.03238 | P14: =M14-N14 -> 8.9232204 | Q14: =M14/1.325 -> 9.4172075 | R14: =N14/1.325 -> 2.6827016 | S14: =Q14+R14 -> 12.099909 | T14: =Q14-R14 -> 6.734506
A15: Above P1 -1 | B15: ES | C15: Cliff | E15: 1 | G15: 13 | H15: 20.881 | I15: 19.416 | J15: 14.036 | K15: 14.56 | L15: 16.492 | M15: =AVERAGE(H15:L15) -> 17.077 | N15: =STDEV(H15:L15) -> 2.9944337 | O15: =M15+N15 -> 20.071434 | P15: =M15-N15 -> 14.082566 | Q15: =M15/1.325 -> 12.888302 | R15: =N15/1.325 -> 2.2599499 | S15: =Q15+R15 -> 15.148252 | T15: =Q15-R15 -> 10.628352
A16: Above P1 -1 | B16: ES | C16: Cliff | E16: 1 | G16: 14 | H16: 17.263 | I16: 19.925 | J16: 15.524 | K16: 16.763 | L16: 15.524 | M16: =AVERAGE(H16:L16) -> 16.9998 | N16: =STDEV(H16:L16) -> 1.8054165 | O16: =M16+N16 -> 18.805216 | P16: =M16-N16 -> 15.194384 | Q16: =M16/1.325 -> 12.830038 | R16: =N16/1.325 -> 1.3625785 | S16: =Q16+R16 -> 14.192616 | T16: =Q16-R16 -> 11.467459
A17: Above P1 -1 | B17: ES | C17: Cliff | E17: 1 | G17: 15 | H17: 12.369 | I17: 17.72 | J17: 23.77 | K17: 22.804 | L17: 23.087 | M17: =AVERAGE(H17:L17) -> 19.95 | N17: =STDEV(H17:L17) -> 4.8739857 | O17: =M17+N17 -> 24.823986 | P17: =M17-N17 -> 15.076014 | Q17: =M17/1.325 -> 15.056604 | R17: =N17/1.325 -> 3.6784798 | S17: =Q17+R17 -> 18.735084 | T17: =Q17-R17 -> 11.378124
A18: Above P1 -1 | B18: ES | C18: Cliff | E18: 1 | G18: 16 | H18: 16.031 | I18: 21.84 | J18: 25 | K18: 22.472 | L18: 28.792 | M18: =AVERAGE(H18:L18) -> 22.827 | N18: =STDEV(H18:L18) -> 4.6794488 | O18: =M18+N18 -> 27.506449 | P18: =M18-N18 -> 18.147551 | Q18: =M18/1.325 -> 17.227925 | R18: =N18/1.325 -> 3.5316595 | S18: =Q18+R18 -> 20.759584 | T18: =Q18-R18 -> 13.696265
A19: Above P1 -1 | B19: ES | C19: Cliff | E19: 1 | G19: 17 | H19: 22.561 | I19: 21.587 | J19: 21.19 | K19: 21.541 | L19: 23.345 | M19: =AVERAGE(H19:L19) -> 22.0448 | N19: =STDEV(H19:L19) -> 0.88756138 | O19: =M19+N19 -> 22.932361 | P19: =M19-N19 -> 21.157239 | Q19: =M19/1.325 -> 16.637585 | R19: =N19/1.325 -> 0.66985764 | S19: =Q19+R19 -> 17.307443 | T19: =Q19-R19 -> 15.967727
... A40: Above P1 -1 | B40: ES | C40: Cliff | E40: 1 | G40: 38 | H40: 34.482 | I40: 34.713 | J40: 32.558 | K40: 28.792 | L40: 9.487 | M40: =AVERAGE(H40:L40) -> 28.0064 | N40: =STDEV(H40:L40) -> 10.620903 | O40: =M40+N40 -> 38.627303 | P40: =M40-N40 -> 17.385497 | Q40: =M40/1.325 -> 21.136906 | R40: =N40/1.325 -> 8.0157755 | S40: =Q40+R40 -> 29.152681 | T40: =Q40-R40 -> 13.12113
A41: Above P1 -1 | B41: ES | C41: Cliff | E41: 1 | G41: 39 | H41: 24.739 | I41: 30.806 | J41: 26.077 | K41: 36.688 | L41: NA | M41: =AVERAGE(H41:L41) -> 29.5775 | N41: =STDEV(H41:L41) -> 5.4078032 | O41: =M41+N41 -> 34.985303 | P41: =M41-N41 -> 24.169697 | Q41: =M41/1.325 -> 22.322642 | R41: =N41/1.325 -> 4.0813609 | S41: =Q41+R41 -> 26.404002 | T41: =Q41-R41 -> 18.241281
A42: Above P1 -1 | B42: ES | C42: Cliff | E42: 1 | G42: 40 | H42: 32.016 | I42: 25.298 | J42: 24.739 | K42: 27.203 | L42: NA | M42: =AVERAGE(H42:L42) -> 27.314 | N42: =STDEV(H42:L42) -> 3.3073658 | O42: =M42+N42 -> 30.621366 | P42: =M42-N42 -> 24.006634 | Q42: =M42/1.325 -> 20.61434 | R42: =N42/1.325 -> 2.4961251 | S42: =Q42+R42 -> 23.110465 | T42: =Q42-R42 -> 18.118214
A43: Above P1 -1 | B43: ES | C43: Cliff | E43: 1 | G43: 41 | H43: 28.443 | I43: 31.78 | J43: 35.511 | K43: 28.16 | L43: NA | M43: =AVERAGE(H43:L43) -> 30.9735 | N43: =STDEV(H43:L43) -> 3.4427974 | O43: =M43+N43 -> 34.416297 | P43: =M43-N43 -> 27.530703 | Q43: =M43/1.325 -> 23.376226 | R43: =N43/1.325 -> 2.5983376 | S43: =Q43+R43 -> 25.974564 | T43: =Q43-R43 -> 20.777889
A44: Above P1 -1 | B44: ES | C44: Cliff | E44: 1 | G44: 42 | H44: 11.402 | I44: 12.369 | J44: 20.1 | K44: 32.28 | L44: NA | M44: =AVERAGE(H44:L44) -> 19.03775 | N44: =STDEV(H44:L44) -> 9.6481857 | O44: =M44+N44 -> 28.685936 | P44: =M44-N44 -> 9.3895643 | Q44: =M44/1.325 -> 14.368113 | R44: =N44/1.325 -> 7.2816496 | S44: =Q44+R44 -> 21.649763 | T44: =Q44-R44 -> 7.0864636
A45: Above P1 -1 | B45: ES | C45: Cliff | D45: 2021 | E45: 2 | F45: 1209.681 | G45: 1 | H45: 5.852 | I45: 4.743 | J45: 6.021 | K45: 5.523 | L45: 3.536 | M45: =AVERAGE(H45:L45) -> 5.135 | N45: =STDEV(H45:L45) -> 1.0198154 | O45: =M45+N45 -> 6.1548154 | P45: =M45-N45 -> 4.1151846 | Q45: =M45/1.325 -> 3.8754717 | R45: =N45/1.325 -> 0.76967202 | S45: =Q45+R45 -> 4.6451437 | T45: =Q45-R45 -> 3.1057997
A46: Above P1 -1 | B46: ES | C46: Cliff | E46: 2 | G46: 2 | H46: 4.743 | I46: 4.123 | J46: 4.61 | K46: 7 | L46: 4.5 | M46: =AVERAGE(H46:L46) -> 4.9952 | N46: =STDEV(H46:L46) -> 1.1442424 | O46: =M46+N46 -> 6.1394424 | P46: =M46-N46 -> 3.8509576 | Q46: =M46/1.325 -> 3.7699623 | R46: =N46/1.325 -> 0.86357918 | S46: =Q46+R46 -> 4.6335414 | T46: =Q46-R46 -> 2.9063831
A47: Above P1 -1 | B47: ES | C47: Cliff | E47: 2 | G47: 3 | H47: 6.801 | I47: 6.5 | J47: 4.743 | K47: 9.014 | L47: 4.743 | M47: =AVERAGE(H47:L47) -> 6.3602 | N47: =STDEV(H47:L47) -> 1.7668598 | O47: =M47+N47 -> 8.1270598 | P47: =M47-N47 -> 4.5933402 | Q47: =M47/1.325 -> 4.8001509 | R47: =N47/1.325 -> 1.3334791 | S47: =Q47+R47 -> 6.1336301 | T47: =Q47-R47 -> 3.4666718
A48: Above P1 -1 | B48: ES | C48: Cliff | E48: 2 | G48: 4 | H48: 12.166 | I48: 7.566 | J48: 5.22 | K48: 6.576 | L48: 7 | M48: =AVERAGE(H48:L48) -> 7.7056 | N48: =STDEV(H48:L48) -> 2.6394474 | O48: =M48+N48 -> 10.345047 | P48: =M48-N48 -> 5.0661526 | Q48: =M48/1.325 -> 5.8155472 | R48: =N48/1.325 -> 1.9920358 | S48: =Q48+R48 -> 7.807583 | T48: =Q48-R48 -> 3.8235114
A49: Above P1 -1 | B49: ES | C49: Cliff | E49: 2 | G49: 5 | H49: 16.492 | I49: 9.487 | J49: 6.325 | K49: 9.513 | L49: 11.673 | M49: =AVERAGE(H49:L49) -> 10.698 | N49: =STDEV(H49:L49) -> 3.7588208 | O49: =M49+N49 -> 14.456821 | P49: =M49-N49 -> 6.9391792 | Q49: =M49/1.325 -> 8.0739623 | R49: =N49/1.325 -> 2.8368459 | S49: =Q49+R49 -> 10.910808 | T49: =Q49-R49 -> 5.2371164
A50: Above P1 -1 | B50: ES | C50: Cliff | E50: 2 | G50: 6 | H50: 11.673 | I50: 7.018 | J50: 11.673 | K50: 16.568 | L50: 17.029 | M50: =AVERAGE(H50:L50) -> 12.7922 | N50: =STDEV(H50:L50) -> 4.1247346 | O50: =M50+N50 -> 16.916935 | P50: =M50-N50 -> 8.6674654 | Q50: =M50/1.325 -> 9.6544906 | R50: =N50/1.325 -> 3.1130073 | S50: =Q50+R50 -> 12.767498 | T50: =Q50-R50 -> 6.5414833
A51: Above P1 -1 | B51: ES | C51: Cliff | E51: 2 | G51: 7 | H51: 12.981 | I51: 16.492 | J51: 9.014 | K51: 12.855 | L51: 18.828 | M51: =AVERAGE(H51:L51) -> 14.034 | N51: =STDEV(H51:L51) -> 3.7657486 | O51: =M51+N51 -> 17.799749 | P51: =M51-N51 -> 10.268251 | Q51: =M51/1.325 -> 10.591698 | R51: =N51/1.325 -> 2.8420744 | S51: =Q51+R51 -> 13.433773 | T51: =Q51-R51 -> 7.7496237
A52: Above P1 -1 | B52: ES | C52: Cliff | E52: 2 | G52: 8 | H52: 8.078 | I52: 8.5 | J52: 7.762 | K52: 15.628 | L52: 18.248 | M52: =AVERAGE(H52:L52) -> 11.6432 | N52: =STDEV(H52:L52) -> 4.9283893 | O52: =M52+N52 -> 16.571589 | P52: =M52-N52 -> 6.7148107 | Q52: =M52/1.325 -> 8.7873208 | R52: =N52/1.325 -> 3.7195391 | S52: =Q52+R52 -> 12.50686 | T52: =Q52-R52 -> 5.0677817
A53: Above P1 -1 | B53: ES | C53: Cliff | E53: 2 | G53: 9 | H53: 9.055 | I53: 11.18 | J53: 13.829 | K53: 14.577 | L53: 16.771 | M53: =AVERAGE(H53:L53) -> 13.0824 | N53: =STDEV(H53:L53) -> 3.0098209 | O53: =M53+N53 -> 16.092221 | P53: =M53-N53 -> 10.072579 | Q53: =M53/1.325 -> 9.8735094 | R53: =N53/1.325 -> 2.2715629 | S53: =Q53+R53 -> 12.145072 | T53: =Q53-R53 -> 7.6019465
A54: Above P1 -1 | B54: ES | C54: Cliff | E54: 2 | G54: 10 | H54: 14.714 | I54: 12.748 | J54: 8.515 | K54: 12.649 | L54: 23.838 | M54: =AVERAGE(H54:L54) -> 14.4928 | N54: =STDEV(H54:L54) -> 5.691215 | O54: =M54+N54 -> 20.184015 | P54: =M54-N54 -> 8.801585 | Q54: =M54/1.325 -> 10.937962 | R54: =N54/1.325 -> 4.2952566 | S54: =Q54+R54 -> 15.233219 | T54: =Q54-R54 -> 6.6427057
A55: Above P1 -1 | B55: ES | C55: Cliff | E55: 2 | G55: 11 | H55: 17.507 | I55: 13.601 | J55: 8.139 | K55: 12.649 | L55: 11.281 | M55: =AVERAGE(H55:L55) -> 12.6354 | N55: =STDEV(H55:L55) -> 3.4174942 | O55: =M55+N55 -> 16.052894 | P55: =M55-N55 -> 9.2179058 | Q55: =M55/1.325 -> 9.5361509 | R55: =N55/1.325 -> 2.5792409 | S55: =Q55+R55 -> 12.115392 | T55: =Q55-R55 -> 6.95691
A56: Above P1 -1 | B56: ES | C56: Cliff | E56: 2 | G56: 12 | H56: 20.012 | I56: 10.689 | J56: 14.318 | K56: 10.689 | L56: 6.519 | M56: =AVERAGE(H56:L56) -> 12.4454 | N56: =STDEV(H56:L56) -> 5.0510436 | O56: =M56+N56 -> 17.496444 | P56: =M56-N56 -> 7.3943564 | Q56: =M56/1.325 -> 9.3927547 | R56: =N56/1.325 -> 3.8121084 | S56: =Q56+R56 -> 13.204863 | T56: =Q56-R56 -> 5.5806464
A57: Above P1 -1 | B57: ES | C57: Cliff | E57: 2 | G57: 13 | H57: 27.286 | I57: 17.263 | J57: 8.246 | K57: 15.572 | L57: 9.487 | M57: =AVERAGE(H57:L57) -> 15.5708 | N57: =STDEV(H57:L57) -> 7.5956364 | O57: =M57+N57 -> 23.166436 | P57: =M57-N57 -> 7.9751636 | Q57: =M57/1.325 -> 11.751547 | R57: =N57/1.325 -> 5.7325558 | S57: =Q57+R57 -> 17.484103 | T57: =Q57-R57 -> 6.0189914
... A82: Above P1 -1 | B82: ES | C82: Cliff | E82: 2 | G82: 38 | H82: 28.518 | I82: 31.977 | J82: 27.171 | K82: 18 | L82: 30.594 | M82: =AVERAGE(H82:L82) -> 27.252 | N82: =STDEV(H82:L82) -> 5.4932552 | O82: =M82+N82 -> 32.745255 | P82: =M82-N82 -> 21.758745 | Q82: =M82/1.325 -> 20.567547 | R82: =N82/1.325 -> 4.145853 | S82: =Q82+R82 -> 24.7134 | T82: =Q82-R82 -> 16.421694
A83: Above P1 -1 | B83: ES | C83: Cliff | E83: 2 | G83: 39 | H83: 25.831 | I83: 33.801 | J83: 31.085 | K83: 36.062 | L83: NA | M83: =AVERAGE(H83:L83) -> 31.69475 | N83: =STDEV(H83:L83) -> 4.4069839 | O83: =M83+N83 -> 36.101734 | P83: =M83-N83 -> 27.287766 | Q83: =M83/1.325 -> 23.920566 | R83: =N83/1.325 -> 3.3260256 | S83: =Q83+R83 -> 27.246592 | T83: =Q83-R83 -> 20.59454
A84: Above P1 -1 | B84: ES | C84: Cliff | E84: 2 | G84: 40 | H84: 25.676 | I84: 22.023 | J84: 24.91 | K84: NA | L84: NA | M84: =AVERAGE(H84:L84) -> 24.203 | N84: =STDEV(H84:L84) -> 1.9263927 | O84: =M84+N84 -> 26.129393 | P84: =M84-N84 -> 22.276607 | Q84: =M84/1.325 -> 18.266415 | R84: =N84/1.325 -> 1.4538813 | S84: =Q84+R84 -> 19.720296 | T84: =Q84-R84 -> 16.812534
A85: Above P1 -1 | B85: ES | C85: Cliff | E85: 2 | G85: 41 | H85: 26.043 | I85: 25.676 | J85: 27.663 | K85: NA | L85: NA | M85: =AVERAGE(H85:L85) -> 26.460667 | N85: =STDEV(H85:L85) -> 1.0572967 | O85: =M85+N85 -> 27.517963 | P85: =M85-N85 -> 25.40337 | Q85: =M85/1.325 -> 19.970314 | R85: =N85/1.325 -> 0.79795978 | S85: =Q85+R85 -> 20.768274 | T85: =Q85-R85 -> 19.172355
A86: Above P1 -1 | B86: ES | C86: Cliff | D86: 2020 | E86: 3 | F86: 762.588 | G86: 1 | H86: 4.123 | I86: 6.083 | J86: 5 | K86: 4 | L86: 4.123 | M86: =AVERAGE(H86:L86) -> 4.6658 | N86: =STDEV(H86:L86) -> 0.88779204 | O86: =M86+N86 -> 5.553592 | P86: =M86-N86 -> 3.778008 | Q86: =M86/1.325 -> 3.5213585 | R86: =N86/1.325 -> 0.67003173 | S86: =Q86+R86 -> 4.1913902 | T86: =Q86-R86 -> 2.8513268
A87: Above P1 -1 | B87: ES | C87: Cliff | E87: 3 | G87: 2 | H87: 3 | I87: 6.325 | J87: 6.083 | K87: 4.123 | L87: 8.246 | M87: =AVERAGE(H87:L87) -> 5.5554 | N87: =STDEV(H87:L87) -> 2.0427808 | O87: =M87+N87 -> 7.5981808 | P87: =M87-N87 -> 3.5126192 | Q87: =M87/1.325 -> 4.1927547 | R87: =N87/1.325 -> 1.5417213 | S87: =Q87+R87 -> 5.7344761 | T87: =Q87-R87 -> 2.6510334
A88: Above P1 -1 | B88: ES | C88: Cliff | E88: 3 | G88: 3 | H88: 7.071 | I88: 8.246 | J88: 10.44 | K88: 10 | L88: 10.198 | M88: =AVERAGE(H88:L88) -> 9.191 | N88: =STDEV(H88:L88) -> 1.4676474 | O88: =M88+N88 -> 10.658647 | P88: =M88-N88 -> 7.7233526 | Q88: =M88/1.325 -> 6.9366038 | R88: =N88/1.325 -> 1.1076584 | S88: =Q88+R88 -> 8.0442622 | T88: =Q88-R88 -> 5.8289453
A89: Above P1 -1 | B89: ES | C89: Cliff | E89: 3 | G89: 4 | H89: 7.28 | I89: 6.083 | J89: 9.055 | K89: 9.055 | L89: 11.18 | M89: =AVERAGE(H89:L89) -> 8.5306 | N89: =STDEV(H89:L89) -> 1.944483 | O89: =M89+N89 -> 10.475083 | P89: =M89-N89 -> 6.586117 | Q89: =M89/1.325 -> 6.4381887 | R89: =N89/1.325 -> 1.4675344 | S89: =Q89+R89 -> 7.9057231 | T89: =Q89-R89 -> 4.9706543
A90: Above P1 -1 | B90: ES | C90: Cliff | E90: 3 | G90: 5 | H90: 6.708 | I90: 7.616 | J90: 7.071 | K90: 11.18 | L90: 10.198 | M90: =AVERAGE(H90:L90) -> 8.5546 | N90: =STDEV(H90:L90) -> 2.0053341 | O90: =M90+N90 -> 10.559934 | P90: =M90-N90 -> 6.5492659 | Q90: =M90/1.325 -> 6.4563019 | R90: =N90/1.325 -> 1.5134597 | S90: =Q90+R90 -> 7.9697616 | T90: =Q90-R90 -> 4.9428422
A91: Above P1 -1 | B91: ES | C91: Cliff | E91: 3 | G91: 6 | H91: 8.246 | I91: 8.062 | J91: 10.05 | K91: 12 | L91: 8 | M91: =AVERAGE(H91:L91) -> 9.2716 | N91: =STDEV(H91:L91) -> 1.745138 | O91: =M91+N91 -> 11.016738 | P91: =M91-N91 -> 7.526462 | Q91: =M91/1.325 -> 6.997434 | R91: =N91/1.325 -> 1.3170853 | S91: =Q91+R91 -> 8.3145193 | T91: =Q91-R91 -> 5.6803486
A92: Above P1 -1 | B92: ES | C92: Cliff | E92: 3 | G92: 7 | H92: 14.56 | I92: 13.153 | J92: 9.22 | K92: 10.44 | L92: 10.05 | M92: =AVERAGE(H92:L92) -> 11.4846 | N92: =STDEV(H92:L92) -> 2.264913 | O92: =M92+N92 -> 13.749513 | P92: =M92-N92 -> 9.219687 | Q92: =M92/1.325 -> 8.6676226 | R92: =N92/1.325 -> 1.7093683 | S92: =Q92+R92 -> 10.376991 | T92: =Q92-R92 -> 6.9582544
A93: Above P1 -1 | B93: ES | C93: Cliff | E93: 3 | G93: 8 | H93: 16.492 | I93: 15.297 | J93: 12.369 | K93: 12.042 | L93: 12.042 | M93: =AVERAGE(H93:L93) -> 13.6484 | N93: =STDEV(H93:L93) -> 2.0977279 | O93: =M93+N93 -> 15.746128 | P93: =M93-N93 -> 11.550672 | Q93: =M93/1.325 -> 10.300679 | R93: =N93/1.325 -> 1.5831909 | S93: =Q93+R93 -> 11.88387 | T93: =Q93-R93 -> 8.7174884
A94: Above P1 -1 | B94: ES | C94: Cliff | E94: 3 | G94: 9 | H94: 14.318 | I94: 18.111 | J94: 12.369 | K94: 12.649 | L94: 20.1 | M94: =AVERAGE(H94:L94) -> 15.5094 | N94: =STDEV(H94:L94) -> 3.4389448 | O94: =M94+N94 -> 18.948345 | P94: =M94-N94 -> 12.070455 | Q94: =M94/1.325 -> 11.705208 | R94: =N94/1.325 -> 2.59543 | S94: =Q94+R94 -> 14.300638 | T94: =Q94-R94 -> 9.1097775
A95: Above P1 -1 | B95: ES | C95: Cliff | E95: 3 | G95: 10 | H95: 17.464 | I95: 13.601 | J95: 16.155 | K95: 14.142 | L95: 21.024 | M95: =AVERAGE(H95:L95) -> 16.4772 | N95: =STDEV(H95:L95) -> 2.9781145 | O95: =M95+N95 -> 19.455314 | P95: =M95-N95 -> 13.499086 | Q95: =M95/1.325 -> 12.435623 | R95: =N95/1.325 -> 2.2476336 | S95: =Q95+R95 -> 14.683256 | T95: =Q95-R95 -> 10.187989
A96: Above P1 -1 | B96: ES | C96: Cliff | E96: 3 | G96: 11 | H96: 17.117 | I96: 15.524 | J96: 21.541 | K96: 17.72 | L96: 24.331 | M96: =AVERAGE(H96:L96) -> 19.2466 | N96: =STDEV(H96:L96) -> 3.59996 | O96: =M96+N96 -> 22.84656 | P96: =M96-N96 -> 15.64664 | Q96: =M96/1.325 -> 14.525736 | R96: =N96/1.325 -> 2.716951 | S96: =Q96+R96 -> 17.242687 | T96: =Q96-R96 -> 11.808785
A97: Above P1 -1 | B97: ES | C97: Cliff | E97: 3 | G97: 12 | H97: 20.881 | I97: 22.204 | J97: 13.601 | K97: 22.091 | L97: 26.683 | M97: =AVERAGE(H97:L97) -> 21.092 | N97: =STDEV(H97:L97) -> 4.7342747 | O97: =M97+N97 -> 25.826275 | P97: =M97-N97 -> 16.357725 | Q97: =M97/1.325 -> 15.918491 | R97: =N97/1.325 -> 3.5730375 | S97: =Q97+R97 -> 19.491528 | T97: =Q97-R97 -> 12.345453
A98: Above P1 -1 | B98: ES | C98: Cliff | E98: 3 | G98: 13 | H98: 22.091 | I98: 23.345 | J98: 18.028 | K98: 29.428 | L98: 23.195 | M98: =AVERAGE(H98:L98) -> 23.2174 | N98: =STDEV(H98:L98) -> 4.0861652 | O98: =M98+N98 -> 27.303565 | P98: =M98-N98 -> 19.131235 | Q98: =M98/1.325 -> 17.522566 | R98: =N98/1.325 -> 3.0838983 | S98: =Q98+R98 -> 20.606464 | T98: =Q98-R98 -> 14.438668
... A109: Above P1 -1 | B109: ES | C109: Cliff | E109: 3 | G109: 24 | H109: 26.306 | I109: 23.537 | J109: 20.1 | K109: 26.926 | L109: 22.204 | M109: =AVERAGE(H109:L109) -> 23.8146 | N109: =STDEV(H109:L109) -> 2.8441708 | O109: =M109+N109 -> 26.658771 | P109: =M109-N109 -> 20.970429 | Q109: =M109/1.325 -> 17.973283 | R109: =N109/1.325 -> 2.146544 | S109: =Q109+R109 -> 20.119827 | T109: =Q109-R109 -> 15.826739
A110: Above P1 -1 | B110: ES | C110: Cliff | E110: 3 | G110: 25 | H110: 26.683 | I110: 20.396 | J110: 23.087 | K110: 23.537 | L110: NA | M110: =AVERAGE(H110:L110) -> 23.42575 | N110: =STDEV(H110:L110) -> 2.5765734 | O110: =M110+N110 -> 26.002323 | P110: =M110-N110 -> 20.849177 | Q110: =M110/1.325 -> 17.679811 | R110: =N110/1.325 -> 1.9445837 | S110: =Q110+R110 -> 19.624395 | T110: =Q110-R110 -> 15.735228
A111: Above P1 -1 | B111: ES | C111: Cliff | E111: 3 | G111: 26 | H111: NA | I111: 19.235 | J111: NA | K111: NA | L111: NA | M111: =AVERAGE(H111:L111) -> 19.235 | N111: NA | O111: NA | P111: NA | Q111: =M111/1.325 -> 14.516981 | R111: =N111/1.325 -> #VALUE! | S111: =Q111+R111 -> #VALUE! | T111: =Q111-R111 -> #VALUE!
A112: Above P1 -1 | B112: ES | C112: Cliff | D112: 2019 | E112: 4 | F112: 958.439 | G112: 1 | H112: 3 | I112: 5.59 | J112: 4 | K112: 5.523 | L112: 4.528 | M112: =AVERAGE(H112:L112) -> 4.5282 | N112: =STDEV(H112:L112) -> 1.0875933 | O112: =M112+N112 -> 5.6157933 | P112: =M112-N112 -> 3.4406067 | Q112: =M112/1.325 -> 3.4175094 | R112: =N112/1.325 -> 0.82082514 | S112: =Q112+R112 -> 4.2383346 | T112: =Q112-R112 -> 2.5966843
A113: Above P1 -1 | B113: ES | C113: Cliff | E113: 4 | G113: 2 | H113: 5.099 | I113: 8.631 | J113: 11.011 | K113: 5.523 | L113: 4.528 | M113: =AVERAGE(H113:L113) -> 6.9584 | N113: =STDEV(H113:L113) -> 2.7679299 | O113: =M113+N113 -> 9.7263299 | P113: =M113-N113 -> 4.1904701 | Q113: =M113/1.325 -> 5.2516226 | R113: =N113/1.325 -> 2.0890037 | S113: =Q113+R113 -> 7.3406263 | T113: =Q113-R113 -> 3.162619
A114: Above P1 -1 | B114: ES | C114: Cliff | E114: 4 | G114: 3 | H114: 6.671 | I114: 9.513 | J114: 9.055 | K114: 6.964 | L114: 3.64 | M114: =AVERAGE(H114:L114) -> 7.1686 | N114: =STDEV(H114:L114) -> 2.3342665 | O114: =M114+N114 -> 9.5028665 | P114: =M114-N114 -> 4.8343335 | Q114: =M114/1.325 -> 5.4102642 | R114: =N114/1.325 -> 1.7617106 | S114: =Q114+R114 -> 7.1719748 | T114: =Q114-R114 -> 3.6485536
A115: Above P1 -1 | B115: ES | C115: Cliff | E115: 4 | G115: 4 | H115: 7.616 | I115: 7.018 | J115: 11.068 | K115: 9.341 | L115: 8.559 | M115: =AVERAGE(H115:L115) -> 8.7204 | N115: =STDEV(H115:L115) -> 1.5843205 | O115: =M115+N115 -> 10.30472 | P115: =M115-N115 -> 7.1360795 | Q115: =M115/1.325 -> 6.581434 | R115: =N115/1.325 -> 1.1957135 | S115: =Q115+R115 -> 7.7771475 | T115: =Q115-R115 -> 5.3857204
A116: Above P1 -1 | B116: ES | C116: Cliff | E116: 4 | G116: 5 | H116: 8.86 | I116: 6.325 | J116: 13.583 | K116: 10.607 | L116: 8.732 | M116: =AVERAGE(H116:L116) -> 9.6214 | N116: =STDEV(H116:L116) -> 2.6880614 | O116: =M116+N116 -> 12.309461 | P116: =M116-N116 -> 6.9333386 | Q116: =M116/1.325 -> 7.261434 | R116: =N116/1.325 -> 2.0287256 | S116: =Q116+R116 -> 9.2901596 | T116: =Q116-R116 -> 5.2327083
A117: Above P1 -1 | B117: ES | C117: Cliff | E117: 4 | G117: 6 | H117: 7.566 | I117: 11.673 | J117: 10.689 | K117: 10.05 | L117: 15.403 | M117: =AVERAGE(H117:L117) -> 11.0762 | N117: =STDEV(H117:L117) -> 2.8549029 | O117: =M117+N117 -> 13.931103 | P117: =M117-N117 -> 8.2212971 | Q117: =M117/1.325 -> 8.3593962 | R117: =N117/1.325 -> 2.1546437 | S117: =Q117+R117 -> 10.51404 | T117: =Q117-R117 -> 6.2047525
A118: Above P1 -1 | B118: ES | C118: Cliff | E118: 4 | G118: 7 | H118: 10.44 | I118: 9.552 | J118: 10.308 | K118: 11.543 | L118: 7.762 | M118: =AVERAGE(H118:L118) -> 9.921 | N118: =STDEV(H118:L118) -> 1.4006656 | O118: =M118+N118 -> 11.321666 | P118: =M118-N118 -> 8.5203344 | Q118: =M118/1.325 -> 7.4875472 | R118: =N118/1.325 -> 1.0571061 | S118: =Q118+R118 -> 8.5446532 | T118: =Q118-R118 -> 6.4304411
A119: Above P1 -1 | B119: ES | C119: Cliff | E119: 4 | G119: 8 | H119: 8.732 | I119: 13.829 | J119: 9.513 | K119: 11.673 | L119: 10.607 | M119: =AVERAGE(H119:L119) -> 10.8708 | N119: =STDEV(H119:L119) -> 1.9926207 | O119: =M119+N119 -> 12.863421 | P119: =M119-N119 -> 8.8781793 | Q119: =M119/1.325 -> 8.2043774 | R119: =N119/1.325 -> 1.5038647 | S119: =Q119+R119 -> 9.708242 | T119: =Q119-R119 -> 6.7005127
A120: Above P1 -1 | B120: ES | C120: Cliff | E120: 4 | G120: 9 | H120: 8.139 | I120: 12.369 | J120: 8.631 | K120: 13.647 | L120: 17.586 | M120: =AVERAGE(H120:L120) -> 12.0744 | N120: =STDEV(H120:L120) -> 3.8820733 | O120: =M120+N120 -> 15.956473 | P120: =M120-N120 -> 8.1923267 | Q120: =M120/1.325 -> 9.1127547 | R120: =N120/1.325 -> 2.9298666 | S120: =Q120+R120 -> 12.042621 | T120: =Q120-R120 -> 6.1828881
A121: Above P1 -1 | B121: ES | C121: Cliff | E121: 4 | G121: 10 | H121: 6.671 | I121: 10.794 | J121: 6.185 | K121: 18.248 | L121: 13.238 | M121: =AVERAGE(H121:L121) -> 11.0272 | N121: =STDEV(H121:L121) -> 4.9876184 | O121: =M121+N121 -> 16.014818 | P121: =M121-N121 -> 6.0395816 | Q121: =M121/1.325 -> 8.3224151 | R121: =N121/1.325 -> 3.7642403 | S121: =Q121+R121 -> 12.086655 | T121: =Q121-R121 -> 4.5581748
A122: Above P1 -1 | B122: ES | C122: Cliff | E122: 4 | G122: 11 | H122: 11.769 | I122: 8.86 | J122: 12.369 | K122: 13.757 | L122: 13.153 | M122: =AVERAGE(H122:L122) -> 11.9816 | N122: =STDEV(H122:L122) -> 1.9015709 | O122: =M122+N122 -> 13.883171 | P122: =M122-N122 -> 10.080029 | Q122: =M122/1.325 -> 9.042717 | R122: =N122/1.325 -> 1.4351478 | S122: =Q122+R122 -> 10.477865 | T122: =Q122-R122 -> 7.6075691
A123: Above P1 -1 | B123: ES | C123: Cliff | E123: 4 | G123: 12 | H123: 14.396 | I123: 11.769 | J123: 16.07 | K123: 15.89 | L123: 8.86 | M123: =AVERAGE(H123:L123) -> 13.397 | N123: =STDEV(H123:L123) -> 3.0656456 | O123: =M123+N123 -> 16.462646 | P123: =M123-N123 -> 10.331354 | Q123: =M123/1.325 -> 10.110943 | R123: =N123/1.325 -> 2.3136948 | S123: =Q123+R123 -> 12.424638 | T123: =Q123-R123 -> 7.7972486
A124: Above P1 -1 | B124: ES | C124: Cliff | E124: 4 | G124: 13 | H124: 15.977 | I124: 12.51 | J124: 17.678 | K124: 14.318 | L124: 16.867 | M124: =AVERAGE(H124:L124) -> 15.47 | N124: =STDEV(H124:L124) -> 2.0719934 | O124: =M124+N124 -> 17.541993 | P124: =M124-N124 -> 13.398007 | Q124: =M124/1.325 -> 11.675472 | R124: =N124/1.325 -> 1.5637686 | S124: =Q124+R124 -> 13.23924 | T124: =Q124-R124 -> 10.111703
... A144: Above P1 -1 | B144: ES | C144: Cliff | E144: 4 | G144: 33 | H144: 25.622 | I144: 27.681 | J144: 33.144 | K144: 25.598 | L144: 30.594 | M144: =AVERAGE(H144:L144) -> 28.5278 | N144: =STDEV(H144:L144) -> 3.2910088 | O144: =M144+N144 -> 31.818809 | P144: =M144-N144 -> 25.236791 | Q144: =M144/1.325 -> 21.530415 | R144: =N144/1.325 -> 2.4837803 | S144: =Q144+R144 -> 24.014195 | T144: =Q144-R144 -> 19.046635
A145: Above P1 -1 | B145: ES | C145: Cliff | E145: 4 | G145: 34 | H145: 24.824 | I145: 25.894 | J145: 25.48 | K145: NA | L145: NA | M145: =AVERAGE(H145:L145) -> 25.399333 | N145: =STDEV(H145:L145) -> 0.53954178 | O145: =M145+N145 -> 25.938875 | P145: =M145-N145 -> 24.859792 | Q145: =M145/1.325 -> 19.169308 | R145: =N145/1.325 -> 0.40720134 | S145: =Q145+R145 -> 19.57651 | T145: =Q145-R145 -> 18.762107
A146: Above P1 -1 | B146: ES | C146: Cliff | E146: 4 | G146: 35 | H146: 25.831 | I146: 31.977 | J146: 25.224 | K146: NA | L146: NA | M146: =AVERAGE(H146:L146) -> 27.677333 | N146: =STDEV(H146:L146) -> 3.7359687 | O146: =M146+N146 -> 31.413302 | P146: =M146-N146 -> 23.941365 | Q146: =M146/1.325 -> 20.888553 | R146: =N146/1.325 -> 2.819599 | S146: =Q146+R146 -> 23.708152 | T146: =Q146-R146 -> 18.068954
A147: Above P1 -1 | B147: ES | C147: Cliff | E147: 4 | G147: 36 | H147: 25.461 | I147: NA | J147: NA | K147: NA | L147: NA | M147: =AVERAGE(H147:L147) -> 25.461 | N147: NA | O147: NA | P147: NA | Q147: =M147/1.325 -> 19.215849 | R147: =N147/1.325 -> #VALUE! | S147: =Q147+R147 -> #VALUE! | T147: =Q147-R147 -> #VALUE!
A148: Above P1 -1 | B148: ES | C148: Cliff | D148: 2018 | E148: 5 | F148: 1211.41 | G148: 1 | H148: 3 | I148: 5 | J148: 4 | K148: 5 | L148: 3.162 | M148: =AVERAGE(H148:L148) -> 4.0324 | N148: =STDEV(H148:L148) -> 0.96137859 | O148: =M148+N148 -> 4.9937786 | P148: =M148-N148 -> 3.0710214 | Q148: =M148/1.325 -> 3.0433208 | R148: =N148/1.325 -> 0.72556875 | S148: =Q148+R148 -> 3.7688895 | T148: =Q148-R148 -> 2.317752
A149: Above P1 -1 | B149: ES | C149: Cliff | E149: 5 | G149: 2 | H149: 2.236 | I149: 5.099 | J149: 4 | K149: 6.083 | L149: 6.083 | M149: =AVERAGE(H149:L149) -> 4.7002 | N149: =STDEV(H149:L149) -> 1.6237206 | O149: =M149+N149 -> 6.3239206 | P149: =M149-N149 -> 3.0764794 | Q149: =M149/1.325 -> 3.5473208 | R149: =N149/1.325 -> 1.2254495 | S149: =Q149+R149 -> 4.7727703 | T149: =Q149-R149 -> 2.3218712
A150: Above P1 -1 | B150: ES | C150: Cliff | E150: 5 | G150: 3 | H150: 4 | I150: 6 | J150: 5 | K150: 7.071 | L150: 9 | M150: =AVERAGE(H150:L150) -> 6.2142 | N150: =STDEV(H150:L150) -> 1.9311676 | O150: =M150+N150 -> 8.1453676 | P150: =M150-N150 -> 4.2830324 | Q150: =M150/1.325 -> 4.6899623 | R150: =N150/1.325 -> 1.457485 | S150: =Q150+R150 -> 6.1474472 | T150: =Q150-R150 -> 3.2324773
A151: Above P1 -1 | B151: ES | C151: Cliff | E151: 5 | G151: 4 | H151: 5.385 | I151: 9.055 | J151: 4 | K151: 10.198 | L151: 8.062 | M151: =AVERAGE(H151:L151) -> 7.34 | N151: =STDEV(H151:L151) -> 2.5791616 | O151: =M151+N151 -> 9.9191616 | P151: =M151-N151 -> 4.7608384 | Q151: =M151/1.325 -> 5.5396226 | R151: =N151/1.325 -> 1.946537 | S151: =Q151+R151 -> 7.4861597 | T151: =Q151-R151 -> 3.5930856
A152: Above P1 -1 | B152: ES | C152: Cliff | E152: 5 | G152: 5 | H152: 5.099 | I152: 8.544 | J152: 6.325 | K152: 9.055 | L152: 6.325 | M152: =AVERAGE(H152:L152) -> 7.0696 | N152: =STDEV(H152:L152) -> 1.6664177 | O152: =M152+N152 -> 8.7360177 | P152: =M152-N152 -> 5.4031823 | Q152: =M152/1.325 -> 5.3355472 | R152: =N152/1.325 -> 1.2576737 | S152: =Q152+R152 -> 6.5932209 | T152: =Q152-R152 -> 4.0778735
A153: Above P1 -1 | B153: ES | C153: Cliff | E153: 5 | G153: 6 | H153: 8.246 | I153: 10.44 | J153: 7 | K153: 7.071 | L153: 8 | M153: =AVERAGE(H153:L153) -> 8.1514 | N153: =STDEV(H153:L153) -> 1.3930674 | O153: =M153+N153 -> 9.5444674 | P153: =M153-N153 -> 6.7583326 | Q153: =M153/1.325 -> 6.152 | R153: =N153/1.325 -> 1.0513716 | S153: =Q153+R153 -> 7.2033716 | T153: =Q153-R153 -> 5.1006284
A154: Above P1 -1 | B154: ES | C154: Cliff | E154: 5 | G154: 7 | H154: 12.166 | I154: 9.487 | J154: 8.062 | K154: 8.062 | L154: 10.44 | M154: =AVERAGE(H154:L154) -> 9.6434 | N154: =STDEV(H154:L154) -> 1.7337961 | O154: =M154+N154 -> 11.377196 | P154: =M154-N154 -> 7.9096039 | Q154: =M154/1.325 -> 7.2780377 | R154: =N154/1.325 -> 1.3085253 | S154: =Q154+R154 -> 8.5865631 | T154: =Q154-R154 -> 5.9695124
A155: Above P1 -1 | B155: ES | C155: Cliff | E155: 5 | G155: 8 | H155: 6.083 | I155: 16.492 | J155: 6.325 | K155: 10.05 | L155: 11.045 | M155: =AVERAGE(H155:L155) -> 9.999 | N155: =STDEV(H155:L155) -> 4.245265 | O155: =M155+N155 -> 14.244265 | P155: =M155-N155 -> 5.753735 | Q155: =M155/1.325 -> 7.5464151 | R155: =N155/1.325 -> 3.2039735 | S155: =Q155+R155 -> 10.750389 | T155: =Q155-R155 -> 4.3424415
A156: Above P1 -1 | B156: ES | C156: Cliff | E156: 5 | G156: 9 | H156: 8.062 | I156: 15.524 | J156: 19.235 | K156: 8.246 | L156: 9.22 | M156: =AVERAGE(H156:L156) -> 12.0574 | N156: =STDEV(H156:L156) -> 5.0516356 | O156: =M156+N156 -> 17.109036 | P156: =M156-N156 -> 7.0057644 | Q156: =M156/1.325 -> 9.0999245 | R156: =N156/1.325 -> 3.8125551 | S156: =Q156+R156 -> 12.91248 | T156: =Q156-R156 -> 5.2873694
A157: Above P1 -1 | B157: ES | C157: Cliff | E157: 5 | G157: 10 | H157: 16.279 | I157: 16.492 | J157: 12.166 | K157: 9.055 | L157: 21.541 | M157: =AVERAGE(H157:L157) -> 15.1066 | N157: =STDEV(H157:L157) -> 4.7424769 | O157: =M157+N157 -> 19.849077 | P157: =M157-N157 -> 10.364123 | Q157: =M157/1.325 -> 11.401208 | R157: =N157/1.325 -> 3.5792279 | S157: =Q157+R157 -> 14.980435 | T157: =Q157-R157 -> 7.8219797
A158: Above P1 -1 | B158: ES | C158: Cliff | E158: 5 | G158: 11 | H158: 20.616 | I158: 14.318 | J158: 18.248 | K158: 14.036 | L158: 20.616 | M158: =AVERAGE(H158:L158) -> 17.5668 | N158: =STDEV(H158:L158) -> 3.2434752 | O158: =M158+N158 -> 20.810275 | P158: =M158-N158 -> 14.323325 | Q158: =M158/1.325 -> 13.257962 | R158: =N158/1.325 -> 2.4479058 | S158: =Q158+R158 -> 15.705868 | T158: =Q158-R158 -> 10.810056
A159: Above P1 -1 | B159: ES | C159: Cliff | E159: 5 | G159: 12 | H159: 21.213 | I159: 14.318 | J159: 17.464 | K159: 18 | L159: 14.56 | M159: =AVERAGE(H159:L159) -> 17.111 | N159: =STDEV(H159:L159) -> 2.8306264 | O159: =M159+N159 -> 19.941626 | P159: =M159-N159 -> 14.280374 | Q159: =M159/1.325 -> 12.913962 | R159: =N159/1.325 -> 2.1363218 | S159: =Q159+R159 -> 15.050284 | T159: =Q159-R159 -> 10.77764
A160: Above P1 -1 | B160: ES | C160: Cliff | E160: 5 | G160: 13 | H160: 17.464 | I160: 18.439 | J160: 24.042 | K160: 23.345 | L160: 16.125 | M160: =AVERAGE(H160:L160) -> 19.883 | N160: =STDEV(H160:L160) -> 3.5826661 | O160: =M160+N160 -> 23.465666 | P160: =M160-N160 -> 16.300334 | Q160: =M160/1.325 -> 15.006038 | R160: =N160/1.325 -> 2.703899 | S160: =Q160+R160 -> 17.709937 | T160: =Q160-R160 -> 12.302139
... A185: Above P1 -1 | B185: ES | C185: Cliff | E185: 5 | G185: 38 | H185: 24.083 | I185: 24.187 | J185: 16.279 | K185: 32.016 | L185: 21 | M185: =AVERAGE(H185:L185) -> 23.513 | N185: =STDEV(H185:L185) -> 5.7385998 | O185: =M185+N185 -> 29.2516 | P185: =M185-N185 -> 17.7744 | Q185: =M185/1.325 -> 17.74566 | R185: =N185/1.325 -> 4.3310187 | S185: =Q185+R185 -> 22.076679 | T185: =Q185-R185 -> 13.414642
A186: Above P1 -1 | B186: ES | C186: Cliff | E186: 5 | G186: 39 | H186: 24.331 | I186: 15 | J186: 26.077 | K186: 34.366 | L186: NA | M186: =AVERAGE(H186:L186) -> 24.9435 | N186: =STDEV(H186:L186) -> 7.9439007 | O186: =M186+N186 -> 32.887401 | P186: =M186-N186 -> 16.999599 | Q186: =M186/1.325 -> 18.825283 | R186: =N186/1.325 -> 5.9953968 | S186: =Q186+R186 -> 24.82068 | T186: =Q186-R186 -> 12.829886
A187: Above P1 -1 | B187: ES | C187: Cliff | E187: 5 | G187: 40 | H187: 31.575 | I187: NA | J187: 21.378 | K187: 20.396 | L187: NA | M187: =AVERAGE(H187:L187) -> 24.449667 | N187: =STDEV(H187:L187) -> 6.1902231 | O187: =M187+N187 -> 30.63989 | P187: =M187-N187 -> 18.259444 | Q187: =M187/1.325 -> 18.452579 | R187: =N187/1.325 -> 4.6718665 | S187: =Q187+R187 -> 23.124445 | T187: =Q187-R187 -> 13.780712
A188: Above P1 -1 | B188: ES | C188: Cliff | E188: 5 | G188: 41 | H188: 29.017 | I188: NA | J188: NA | K188: NA | L188: NA | M188: =AVERAGE(H188:L188) -> 29.017 | N188: NA | O188: NA | P188: NA | Q188: =M188/1.325 -> 21.899623 | R188: =N188/1.325 -> #VALUE! | S188: =Q188+R188 -> #VALUE! | T188: =Q188-R188 -> #VALUE!
A189: WAS51 | B189: ES | C189: Cliff | D189: 2022 | E189: 1 | F189: 569.893 | G189: 1 | H189: 9.487 | I189: 12 | J189: 17.088 | M189: =AVERAGE(H189:L189) -> 12.858333 | N189: =STDEV(H189:L189) -> 3.8725124 | O189: =M189+N189 -> 16.730846 | P189: =M189-N189 -> 8.9858209 | Q189: =M189/1.325 -> 9.7044025 | R189: =N189/1.325 -> 2.9226509 | S189: =Q189+R189 -> 12.627053 | T189: =Q189-R189 -> 6.7817516 | U189: 1 | V189: =F189/1.325 -> 430.10792
A190: WAS51 | B190: ES | C190: Cliff | E190: 1 | G190: 2 | H190: 14.866 | I190: 8 | J190: 12.042 | M190: =AVERAGE(H190:L190) -> 11.636 | N190: =STDEV(H190:L190) -> 3.4509587 | O190: =M190+N190 -> 15.086959 | P190: =M190-N190 -> 8.1850413 | Q190: =M190/1.325 -> 8.7818868 | R190: =N190/1.325 -> 2.6044971 | S190: =Q190+R190 -> 11.386384 | T190: =Q190-R190 -> 6.1773897 | U190: 2 | V190: =F211/1.325 -> 552.88151
A191: WAS51 | B191: ES | C191: Cliff | E191: 1 | G191: 3 | H191: 8.544 | I191: 5 | J191: 5 | M191: =AVERAGE(H191:L191) -> 6.1813333 | N191: =STDEV(H191:L191) -> 2.0461294 | O191: =M191+N191 -> 8.2274627 | P191: =M191-N191 -> 4.135204 | Q191: =M191/1.325 -> 4.6651572 | R191: =N191/1.325 -> 1.5442486 | S191: =Q191+R191 -> 6.2094058 | T191: =Q191-R191 -> 3.1209087 | U191: 3 | V191: =F237/1.325 -> 522.93736
A192: WAS51 | B192: ES | C192: Cliff | E192: 1 | G192: 4 | H192: 11.18 | I192: 14 | J192: 5.099 | M192: =AVERAGE(H192:L192) -> 10.093 | N192: =STDEV(H192:L192) -> 4.5489699 | O192: =M192+N192 -> 14.64197 | P192: =M192-N192 -> 5.5440301 | Q192: =M192/1.325 -> 7.6173585 | R192: =N192/1.325 -> 3.4331848 | S192: =Q192+R192 -> 11.050543 | T192: =Q192-R192 -> 4.1841737 | U192: 4 | V192: =F260/1.325 -> 441.85283
A193: WAS51 | B193: ES | C193: Cliff | E193: 1 | G193: 5 | H193: 11.705 | I193: 14.866 | J193: 13.342 | M193: =AVERAGE(H193:L193) -> 13.304333 | N193: =STDEV(H193:L193) -> 1.5808366 | O193: =M193+N193 -> 14.88517 | P193: =M193-N193 -> 11.723497 | Q193: =M193/1.325 -> 10.041006 | R193: =N193/1.325 -> 1.1930842 | S193: =Q193+R193 -> 11.234091 | T193: =Q193-R193 -> 8.8479221 | U193: 5 | V193: =F280/1.325 -> 310.91623
A194: WAS51 | B194: ES | C194: Cliff | E194: 1 | G194: 6 | H194: 19.416 | I194: 11.402 | J194: 18.358 | M194: =AVERAGE(H194:L194) -> 16.392 | N194: =STDEV(H194:L194) -> 4.3537244 | O194: =M194+N194 -> 20.745724 | P194: =M194-N194 -> 12.038276 | Q194: =M194/1.325 -> 12.371321 | R194: =N194/1.325 -> 3.2858297 | S194: =Q194+R194 -> 15.65715 | T194: =Q194-R194 -> 9.085491 | U194: 6 | V194: =F295/1.325 -> 257.57509
A195: WAS51 | B195: ES | C195: Cliff | E195: 1 | G195: 7 | H195: 22.472 | I195: 8.246 | J195: 21.024 | M195: =AVERAGE(H195:L195) -> 17.247333 | N195: =STDEV(H195:L195) -> 7.8289321 | O195: =M195+N195 -> 25.076265 | P195: =M195-N195 -> 9.4184013 | Q195: =M195/1.325 -> 13.016855 | R195: =N195/1.325 -> 5.908628 | S195: =Q195+R195 -> 18.925483 | T195: =Q195-R195 -> 7.1082274 | U195: 7 | V195: =F307/1.325 -> 131.14038
A196: WAS51 | B196: ES | C196: Cliff | E196: 1 | G196: 8 | H196: 24.352 | I196: 12.166 | J196: 16.763 | M196: =AVERAGE(H196:L196) -> 17.760333 | N196: =STDEV(H196:L196) -> 6.1539137 | O196: =M196+N196 -> 23.914247 | P196: =M196-N196 -> 11.60642 | Q196: =M196/1.325 -> 13.404025 | R196: =N196/1.325 -> 4.6444632 | S196: =Q196+R196 -> 18.048488 | T196: =Q196-R196 -> 8.759562 | U196: 8 | V196: =F314/1.325 -> 200.31321
A197: WAS51 | B197: ES | C197: Cliff | E197: 1 | G197: 9 | H197: 25.298 | I197: 12.369 | J197: 24.352 | M197: =AVERAGE(H197:L197) -> 20.673 | N197: =STDEV(H197:L197) -> 7.2070133 | O197: =M197+N197 -> 27.880013 | P197: =M197-N197 -> 13.465987 | Q197: =M197/1.325 -> 15.602264 | R197: =N197/1.325 -> 5.4392553 | S197: =Q197+R197 -> 21.041519 | T197: =Q197-R197 -> 10.163009
...

Sheet Standardized - 2018
A1: Year | B1: Standardized Cell Number | C1: Under42 | D1: WAS27 | E1: WAS03 | F1: WAS21 | G1: WAS36 | H1: WAS49 | I1: GT-1 | J1: GT-3 | K1: GT-4 | L1: WAS61 | M1: AboveP1 | N1: WAS51 | O1: WAS50 | P1: WAS42 | Q1: WAS01 | R1: WAS04 | S1: WAS63 | T1: WAS64 | U1: WAS48 | V1: WAS57 | W1: WAS65 | Y1: Standardized Ring | Z1: DF-Cliff | AA1: DF-Soil | AB1: ES-Cliff | AC1: ES-Soil | AD1: DF-Cliff_ERROR | AE1: DF-Soil_ERROR | AF1: ES-Cliff_ERROR | AG1: ES-Soil_ERROR | AI1: Species | AJ1: Site | AK1: Average LD | AL1: SD | AM1: SE
A2: 2018 | B2: 1 | C2: 2.8813333 | D2: 2.264 | E2: 3.1804802 | F2: 1.36525 | G2: 2.5685385 | H2: 2.2181228 | I2: 3.1395 | J2: 2.735875 | K2: 9.07275 | L2: 2.438194 | M2: 3.2400037 | N2: 3.5213585 | O2: 2.5156667 | P2: 1.8865 | Q2: 3.05 | R2: 4.3035 | S2: 4.0356458 | T2: 3.1541538 | U2: 2.8973814 | V2: 2.4638529 | W2: 3.9176232 | Y2: 1 | Z2: =AVERAGE(C2:G2) -> 2.4519204 | AA2: =AVERAGE(H2:L2) -> 3.9208884 | AB2: =AVERAGE(M2:R2) -> 3.0861715 | AC2: =AVERAGE(S2:W2) -> 3.2937314 | AD2: =STDEV($C2:$G2) -> 0.69730933 | AE2: =STDEV($H2:$L2) -> 2.9006161 | AF2: =STDEV($M2:$R2) -> 0.83197795 | AG2: =STDEV($S2:$W2) -> 0.67174242 | AI2: Spruce | AJ2: Soil | AK2: =AVERAGE(S2:W26) -> 23.025567 | AL2: =STDEV(S2:W26) -> 9.849947 | AM2: =AL2/SQRT(125) -> 0.88100605
A3: 2018 | B3: 2 | C3: 3.6031754 | D3: 2.264 | E3: 5.2665516 | F3: 1.4769464 | G3: 4.3682821 | H3: 3.5970906 | I3: 4.2296042 | J3: 5.5831667 | K3: 8.06475 | L3: 3.1595448 | M3: 4.5842025 | N3: 3.6055849 | O3: 2.7330152 | P3: 3.5325965 | Q3: 3.05 | R3: 4.3196875 | S3: 5.9042292 | T3: 4.2991538 | U3: 5.2317966 | V3: 5.5160588 | W3: 7.3835797 | Y3: 2 | Z3: =AVERAGE(C3:G3) -> 3.3957911 | AA3: =AVERAGE(H3:L3) -> 4.9268313 | AB3: =AVERAGE(M3:R3) -> 3.6375144 | AC3: =AVERAGE(S3:W3) -> 5.6669636 | AD3: =STDEV($C3:$G3) -> 1.5371571 | AE3: =STDEV($H3:$L3) -> 1.9783167 | AF3: =STDEV($M3:$R3) -> 0.7123058 | AG3: =STDEV($S3:$W3) -> 1.1276205 | AI3: Spruce | AJ3: Cliff | AK3: =AVERAGE(M2:Q26) -> 15.341354 | AL3: =STDEV(M2:Q26) -> 7.5335678 | AM3: =AL3/SQRT(125) -> 0.67382279
A4: 2018 | B4: 3 | C4: 4.1636184 | D4: 2.264 | E4: 6.2294127 | F4: 1.8865 | G4: 5.7072051 | H4: 3.9569064 | I4: 4.7885 | J4: 7.8398333 | K4: 7.0295 | L4: 2.6478284 | M4: 5.4251413 | N4: 3.7740377 | O4: 2.7673333 | P4: 4.2942982 | Q4: 3.05 | R4: 4.3405 | S4: 7.1297083 | T4: 7.0143846 | U4: 8.713113 | V4: 6.5036618 | W4: 9.9284203 | Y4: 3 | Z4: =AVERAGE(C4:G4) -> 4.0501472 | AA4: =AVERAGE(H4:L4) -> 5.2525136 | AB4: =AVERAGE(M4:R4) -> 3.9418851 | AC4: =AVERAGE(S4:W4) -> 7.8578576 | AD4: =STDEV($C4:$G4) -> 1.960842 | AE4: =STDEV($H4:$L4) -> 2.1523357 | AF4: =STDEV($M4:$R4) -> 0.96812617 | AG4: =STDEV($S4:$W4) -> 1.4225142 | AI4: Douglas Fir | AJ4: Soil | AK4: =AVERAGE(H2:L26) -> 18.020608 | AL4: =STDEV(H2:L26) -> 11.000374 | AM4: =AL4/SQRT(125) -> 0.98390339
A5: 2018 | B5: 4 | C5: 4.5628816 | D5: 3.0752857 | E5: 5.4809048 | F5: 3.3471786 | G5: 4.0327436 | H5: 5.6324693 | I5: 4.8084583 | J5: 9.84375 | K5: 6.58425 | L5: 3.2752463 | M5: 6.4966737 | N5: 4.8701887 | O5: 3.6594091 | P5: 4.3538246 | Q5: 3.0226563 | R5: 6.3166875 | S5: 7.4373403 | T5: 8.0630769 | U5: 14.694938 | V5: 9.4448676 | W5: 12.983217 | Y5: 4 | Z5: =AVERAGE(C5:G5) -> 4.0997988 | AA5: =AVERAGE(H5:L5) -> 6.0288348 | AB5: =AVERAGE(M5:R5) -> 4.7865733 | AC5: =AVERAGE(S5:W5) -> 10.524688 | AD5: =STDEV($C5:$G5) -> 0.96727194 | AE5: =STDEV($H5:$L5) -> 2.4541158 | AF5: =STDEV($M5:$R5) -> 1.4029867 | AG5: =STDEV($S5:$W5) -> 3.169882 | AI5: Douglas Fir | AJ5: Cliff | AK5: =AVERAGE(C2:G26) -> 14.319844 | AL5: =STDEV(C2:G26) -> 8.3036084 | AM5: =AL5/SQRT(125) -> 0.74269731
A6: 2018 | B6: 5 | C6: 4.73625 | D6: 4.157 | E6: 6.163623 | F6: 5.29475 | G6: 4.7473333 | H6: 6.0641974 | I6: 5.8552222 | J6: 11.563833 | K6: 6.50025 | L6: 3.5573582 | M6: 7.6638638 | N6: 5.4182642 | O6: 4.5056364 | P6: 5.3646667 | Q6: 3.01875 | R6: 6.7188958 | S6: 7.8239792 | T6: 10.229103 | U6: 18.978774 | V6: 15.057956 | W6: 12.795952 | Y6: 5 | Z6: =AVERAGE(C6:G6) -> 5.0197913 | AA6: =AVERAGE(H6:L6) -> 6.7081722 | AB6: =AVERAGE(M6:R6) -> 5.4483461 | AC6: =AVERAGE(S6:W6) -> 12.977153 | AD6: =STDEV($C6:$G6) -> 0.75547851 | AE6: =STDEV($H6:$L6) -> 2.9449335 | AF6: =STDEV($M6:$R6) -> 1.6323211 | AG6: =STDEV($S6:$W6) -> 4.3153508
A7: 2018 | B7: 6 | C7: 5.1341079 | D7: 4.157 | E7: 5.7449921 | F7: 6.6214464 | G7: 4.3443333 | H7: 6.4943684 | I7: 7.1343472 | J7: 12.982375 | K7: 5.87025 | L7: 4.8162313 | M7: 10.27863 | N7: 9.9062642 | O7: 5.3402121 | P7: 5.6905965 | Q7: 3.01875 | R7: 6.9826667 | S7: 13.373056 | T7: 17.146628 | U7: 20.328028 | V7: 10.730971 | W7: 13.7893 | Y7: 6 | Z7: =AVERAGE(C7:G7) -> 5.2003759 | AA7: =AVERAGE(H7:L7) -> 7.4595144 | AB7: =AVERAGE(M7:R7) -> 6.86952 | AC7: =AVERAGE(S7:W7) -> 15.073596 | AD7: =STDEV($C7:$G7) -> 1.0175807 | AE7: =STDEV($H7:$L7) -> 3.2035892 | AF7: =STDEV($M7:$R7) -> 2.8076226 | AG7: =STDEV($S7:$W7) -> 3.718406
A8: 2018 | B8: 7 | C8: 5.3108947 | D8: 4.157 | E8: 6.547377 | F8: 7.3585 | G8: 3.840359 | H8: 7.5560877 | I8: 8.1259167 | J8: 16.64225 | K8: 6.45975 | L8: 5.7223507 | M8: 12.976133 | N8: 11.742642 | O8: 7.8728485 | P8: 6.5397719 | Q8: 6.7561875 | R8: 8.2746667 | S8: 16.210396 | T8: 18.564667 | U8: 20.908808 | V8: 14.218779 | W8: 16.065541 | Y8: 7 | Z8: =AVERAGE(C8:G8) -> 5.4428261 | AA8: =AVERAGE(H8:L8) -> 8.901271 | AB8: =AVERAGE(M8:R8) -> 9.0270414 | AC8: =AVERAGE(S8:W8) -> 17.193638 | AD8: =STDEV($C8:$G8) -> 1.5106699 | AE8: =STDEV($H8:$L8) -> 4.4271889 | AF8: =STDEV($M8:$R8) -> 2.6911455 | AG8: =STDEV($S8:$W8) -> 2.5870523
A9: 2018 | B9: 8 | C9: 5.5383263 | D9: 9.1200286 | E9: 9.9427341 | F9: 8.9825714 | G9: 6.1355385 | H9: 7.9263772 | I9: 9.1208194 | J9: 20.001833 | K9: 6.718625 | L9: 5.6657164 | M9: 14.208074 | N9: 15.415396 | O9: 13.997091 | P9: 7.8121053 | Q9: 8.002 | R9: 8.9335208 | S9: 17.698257 | T9: 16.777667 | U9: 23.438508 | V9: 17.405397 | W9: 16.815184 | Y9: 8 | Z9: =AVERAGE(C9:G9) -> 7.9438398 | AA9: =AVERAGE(H9:L9) -> 9.8866743 | AB9: =AVERAGE(M9:R9) -> 11.394698 | AC9: =AVERAGE(S9:W9) -> 18.427003 | AD9: =STDEV($C9:$G9) -> 1.9694168 | AE9: =STDEV($H9:$L9) -> 5.8008353 | AF9: =STDEV($M9:$R9) -> 3.5001803 | AG9: =STDEV($S9:$W9) -> 2.8287899
A10: 2018 | B10: 9 | C10: 7.066 | D10: 9.9472 | E10: 10.563302 | F10: 9.8193036 | G10: 6.7364872 | H10: 10.509465 | I10: 10.161667 | J10: 24.639292 | K10: 7.002125 | L10: 7.6033881 | M10: 14.023698 | N10: 18.209057 | O10: 16.715 | P10: 10.062667 | Q10: 8.002 | R10: 9.9223333 | S10: 20.081333 | T10: 25.259974 | U10: 25.31674 | V10: 13.653529 | W10: 21.52685 | Y10: 9 | Z10: =AVERAGE(C10:G10) -> 8.8264585 | AA10: =AVERAGE(H10:L10) -> 11.983187 | AB10: =AVERAGE(M10:R10) -> 12.822459 | AC10: =AVERAGE(S10:W10) -> 21.167685 | AD10: =STDEV($C10:$G10) -> 1.7836494 | AE10: =STDEV($H10:$L10) -> 7.2398273 | AF10: =STDEV($M10:$R10) -> 4.1200556 | AG10: =STDEV($S10:$W10) -> 4.7888721
A11: 2018 | B11: 10 | C11: 8.2941053 | D11: 9.9472 | E11: 12.061575 | F11: 17.178 | G11: 9.5750769 | H11: 12.34039 | I11: 12.201417 | J11: 28.5655 | K11: 6.994875 | L11: 8.0407836 | M11: 14.898886 | N11: 19.605887 | O11: 19.376515 | P11: 10.079509 | Q11: 12.202469 | R11: 12.695458 | S11: 24.342028 | T11: 29.882026 | U11: 28.777661 | V11: 16.341985 | W11: 23.074213 | Y11: 10 | Z11: =AVERAGE(C11:G11) -> 11.411192 | AA11: =AVERAGE(H11:L11) -> 13.628593 | AB11: =AVERAGE(M11:R11) -> 14.809787 | AC11: =AVERAGE(S11:W11) -> 24.483582 | AD11: =STDEV($C11:$G11) -> 3.4967804 | AE11: =STDEV($H11:$L11) -> 8.6896104 | AF11: =STDEV($M11:$R11) -> 3.9372464 | AG11: =STDEV($S11:$W11) -> 5.3822455
A12: 2018 | B12: 11 | C12: 9.2668526 | D12: 12.958114 | E12: 10.748643 | F12: 18.1495 | G12: 13.494564 | H12: 15.252079 | I12: 13.799917 | J12: 24.949667 | K12: 8.929625 | L12: 10.893739 | M12: 14.580219 | N12: 22.858415 | O12: 21.860652 | P12: 11.983316 | Q12: 14.72275 | R12: 14.219083 | S12: 26.079521 | T12: 26.800949 | U12: 25.576141 | V12: 17.777044 | W12: 22.333039 | Y12: 11 | Z12: =AVERAGE(C12:G12) -> 12.923535 | AA12: =AVERAGE(H12:L12) -> 14.765005 | AB12: =AVERAGE(M12:R12) -> 16.704072 | AC12: =AVERAGE(S12:W12) -> 23.713339 | AD12: =STDEV($C12:$G12) -> 3.3815478 | AE12: =STDEV($H12:$L12) -> 6.2035138 | AF12: =STDEV($M12:$R12) -> 4.5025181 | AG12: =STDEV($S12:$W12) -> 3.733196
A13: 2018 | B13: 12 | C13: 9.9283158 | D13: 20.4854 | E13: 13.211004 | F13: 20.57825 | G13: 16.142205 | H13: 18.840886 | I13: 15.438264 | J13: 29.762375 | K13: 8.940375 | L13: 11.894269 | M13: 14.691229 | N13: 21.874063 | O13: 22.450848 | P13: 14.531456 | Q13: 14.72275 | R13: 12.115333 | S13: 26.865236 | T13: 27.033872 | U13: 30.052124 | V13: 18.4055 | W13: 25.214971 | Y13: 12 | Z13: =AVERAGE(C13:G13) -> 16.069035 | AA13: =AVERAGE(H13:L13) -> 16.975234 | AB13: =AVERAGE(M13:R13) -> 16.730947 | AC13: =AVERAGE(S13:W13) -> 25.514341 | AD13: =STDEV($C13:$G13) -> 4.6292393 | AE13: =STDEV($H13:$L13) -> 8.0580562 | AF13: =STDEV($M13:$R13) -> 4.3244391 | AG13: =STDEV($S13:$W13) -> 4.3402365
A14: 2018 | B14: 13 | C14: 9.6324 | D14: 20.4854 | E14: 14.368278 | F14: 22.55625 | G14: 17.54341 | H14: 21.38289 | I14: 19.549 | J14: 31.869833 | K14: 10.588 | L14: 11.996873 | M14: 16.127337 | N14: 19.905358 | O14: 21.5705 | P14: 16.866333 | Q14: 16.34475 | R14: 17.268833 | S14: 23.905833 | T14: 32.520051 | U14: 32.275384 | V14: 17.921309 | W14: 27.04901 | Y14: 13 | Z14: =AVERAGE(C14:G14) -> 16.917148 | AA14: =AVERAGE(H14:L14) -> 19.077319 | AB14: =AVERAGE(M14:R14) -> 18.013852 | AC14: =AVERAGE(S14:W14) -> 26.734317 | AD14: =STDEV($C14:$G14) -> 5.1109782 | AE14: =STDEV($H14:$L14) -> 8.5350427 | AF14: =STDEV($M14:$R14) -> 2.2110736 | AG14: =STDEV($S14:$W14) -> 6.1226345
A15: 2018 | B15: 14 | C15: 14.382716 | D15: 20.4854 | E15: 14.778817 | F15: 24.53425 | G15: 18.633923 | H15: 28.745465 | I15: 21.041278 | J15: 34.119375 | K15: 11.20175 | L15: 10.309769 | M15: 18.901493 | N15: 21.72805 | O15: 20.75403 | P15: 19.222825 | Q15: 17.96675 | R15: 22.422333 | S15: 25.06625 | T15: 32.805128 | U15: 29.512492 | V15: 22.662691 | W15: 26.69442 | Y15: 14 | Z15: =AVERAGE(C15:G15) -> 18.563021 | AA15: =AVERAGE(H15:L15) -> 21.083527 | AB15: =AVERAGE(M15:R15) -> 20.165914 | AC15: =AVERAGE(S15:W15) -> 27.348196 | AD15: =STDEV($C15:$G15) -> 4.2175613 | AE15: =STDEV($H15:$L15) -> 10.516223 | AF15: =STDEV($M15:$R15) -> 1.7436788 | AG15: =STDEV($S15:$W15) -> 3.9386209
A16: 2018 | B16: 15 | C16: 16.946453 | D16: 20.301543 | E16: 14.266651 | F16: 24.972643 | G16: 21.756731 | H16: 28.694162 | I16: 20.845222 | J16: 33.5125 | K16: 10.989125 | L16: 12.725985 | M16: 21.389994 | N16: 22.639396 | O16: 21.461394 | P16: 19.907474 | Q16: 17.96675 | R16: 24.510146 | S16: 31.282708 | T16: 33.724615 | U16: 30.417785 | V16: 25.251324 | W16: 27.484261 | Y16: 15 | Z16: =AVERAGE(C16:G16) -> 19.648804 | AA16: =AVERAGE(H16:L16) -> 21.353399 | AB16: =AVERAGE(M16:R16) -> 21.312526 | AC16: =AVERAGE(S16:W16) -> 29.632139 | AD16: =STDEV($C16:$G16) -> 4.167822 | AE16: =STDEV($H16:$L16) -> 9.7959077 | AF16: =STDEV($M16:$R16) -> 2.2441885 | AG16: =STDEV($S16:$W16) -> 3.3126616
A17: 2018 | B17: 16 | C17: 18.573758 | D17: 20.228 | E17: 15.799683 | F17: 25.148 | G17: 18.366654 | H17: 29.802789 | I17: 23.703167 | J17: 37.707 | K17: 10.974125 | L17: 18.373 | M17: 22.46911 | N17: 21.304 | O17: 23.808545 | P17: 20.44586 | Q17: 17.886125 | R17: 27.021333 | S17: 30.263403 | T17: 35.146513 | U17: 35.810576 | V17: 22.717809 | W17: 32.796126 | Y17: 16 | Z17: =AVERAGE(C17:G17) -> 19.623219 | AA17: =AVERAGE(H17:L17) -> 24.112016 | AB17: =AVERAGE(M17:R17) -> 22.155829 | AC17: =AVERAGE(S17:W17) -> 31.346885 | AD17: =STDEV($C17:$G17) -> 3.4709048 | AE17: =STDEV($H17:$L17) -> 10.282462 | AF17: =STDEV($M17:$R17) -> 3.1107147 | AG17: =STDEV($S17:$W17) -> 5.2937912
... A26: 2018 | B26: 25 | C26: 18.3642 | D26: 19.9026 | E26: 15.185921 | F26: 28.9055 | G26: 25.311 | H26: 32.873684 | I26: 24.266 | J26: 25.3205 | K26: 33.695 | L26: 25.859858 | M26: 20.554435 | N26: 13.028679 | O26: 27.266 | P26: 21.887 | Q26: 17.900667 | R26: 35.932667 | S26: 22.560736 | T26: 29.684705 | U26: 29.58 | V26: 30.581956 | W26: 33.374447 | Y26: 25 | Z26: =AVERAGE(C26:G26) -> 21.533844 | AA26: =AVERAGE(H26:L26) -> 28.403008 | AB26: =AVERAGE(M26:R26) -> 22.761575 | AC26: =AVERAGE(S26:W26) -> 29.156369 | AD26: =STDEV($C26:$G26) -> 5.5138904 | AE26: =STDEV($H26:$L26) -> 4.5021225 | AF26: =STDEV($M26:$R26) -> 7.9719701 | AG26: =STDEV($S26:$W26) -> 3.9932898
B28: Helper Column | D28: Repeat Times | E28: Helper Column | F28: Product | H28: Final | J28: 1
B29: 1 | C29: 3.5716667 | D29: 25 | E29: 1 | F29: =VLOOKUP(E29,$B$29:$C$97,2) -> 3.5716667 | G29: =INT((ROW(G1)-1)/69)+1 -> 1 | H29: =AVERAGEIF($G$29:$G$2538, J28, $F$29:$F$2538) -> 3.9176232 | J29: 2
B30: =B29+D29 -> 26 | C30: 3.0186667 | D30: 25 | E30: 2 | F30: =VLOOKUP(E30,$B$29:$C$97,2) -> 3.5716667 | G30: =INT((ROW(G2)-1)/69)+1 -> 1 | H30: =AVERAGEIF($G$29:$G$2538, J29, $F$29:$F$2538) -> 7.3835797 | J30: 3
B31: =B30+D30 -> 51 | C31: 5.5556667 | D31: 25 | E31: 3 | F31: =VLOOKUP(E31,$B$29:$C$97,2) -> 3.5716667 | G31: =INT((ROW(G3)-1)/69)+1 -> 1 | H31: =AVERAGEIF($G$29:$G$2538, J30, $F$29:$F$2538) -> 9.9284203 | J31: 4
B32: =B31+D31 -> 76 | C32: 7.7986667 | D32: 25 | E32: 4 | F32: =VLOOKUP(E32,$B$29:$C$97,2) -> 3.5716667 | G32: =INT((ROW(G4)-1)/69)+1 -> 1 | H32: =AVERAGEIF($G$29:$G$2538, J31, $F$29:$F$2538) -> 12.983217 | J32: 5
B33: =B32+D32 -> 101 | C33: 6.7923333 | D33: 25 | E33: 5 | F33: =VLOOKUP(E33,$B$29:$C$97,2) -> 3.5716667 | G33: =INT((ROW(G5)-1)/69)+1 -> 1 | H33: =AVERAGEIF($G$29:$G$2538, J32, $F$29:$F$2538) -> 12.795952 | J33: 6
B34: =B33+D33 -> 126 | C34: 8.566 | D34: 25 | E34: 6 | F34: =VLOOKUP(E34,$B$29:$C$97,2) -> 3.5716667 | G34: =INT((ROW(G6)-1)/69)+1 -> 1 | H34: =AVERAGEIF($G$29:$G$2538, J33, $F$29:$F$2538) -> 13.7893 | J34: 7
B35: =B34+D34 -> 151 | C35: 8.805 | D35: 25 | E35: 7 | F35: =VLOOKUP(E35,$B$29:$C$97,2) -> 3.5716667 | G35: =INT((ROW(G7)-1)/69)+1 -> 1 | H35: =AVERAGEIF($G$29:$G$2538, J34, $F$29:$F$2538) -> 16.065541 | J35: 8
B36: =B35+D35 -> 176 | C36: 11.104667 | D36: 25 | E36: 8 | F36: =VLOOKUP(E36,$B$29:$C$97,2) -> 3.5716667 | G36: =INT((ROW(G8)-1)/69)+1 -> 1 | H36: =AVERAGEIF($G$29:$G$2538, J35, $F$29:$F$2538) -> 16.815184 | J36: 9
B37: =B36+D36 -> 201 | C37: 12.075333 | D37: 25 | E37: 9 | F37: =VLOOKUP(E37,$B$29:$C$97,2) -> 3.5716667 | G37: =INT((ROW(G9)-1)/69)+1 -> 1 | H37: =AVERAGEIF($G$29:$G$2538, J36, $F$29:$F$2538) -> 21.52685 | J37: 10
B38: =B37+D37 -> 226 | C38: 13.356 | D38: 25 | E38: 10 | F38: =VLOOKUP(E38,$B$29:$C$97,2) -> 3.5716667 | G38: =INT((ROW(G10)-1)/69)+1 -> 1 | H38: =AVERAGEIF($G$29:$G$2538, J37, $F$29:$F$2538) -> 23.074213 | J38: 11
B39: =B38+D38 -> 251 | C39: 13.340333 | D39: 25 | E39: 11 | F39: =VLOOKUP(E39,$B$29:$C$97,2) -> 3.5716667 | G39: =INT((ROW(G11)-1)/69)+1 -> 1 | H39: =AVERAGEIF($G$29:$G$2538, J38, $F$29:$F$2538) -> 22.333039 | J39: 12
B40: =B39+D39 -> 276 | C40: 11.077667 | D40: 25 | E40: 12 | F40: =VLOOKUP(E40,$B$29:$C$97,2) -> 3.5716667 | G40: =INT((ROW(G12)-1)/69)+1 -> 1 | H40: =AVERAGEIF($G$29:$G$2538, J39, $F$29:$F$2538) -> 25.214971 | J40: 13
B41: =B40+D40 -> 301 | C41: 11.320667 | D41: 25 | E41: 13 | F41: =VLOOKUP(E41,$B$29:$C$97,2) -> 3.5716667 | G41: =INT((ROW(G13)-1)/69)+1 -> 1 | H41: =AVERAGEIF($G$29:$G$2538, J40, $F$29:$F$2538) -> 27.04901 | J41: 14
... B52: =B51+D51 -> 576 | C52: 22.394667 | D52: 25 | E52: 24 | F52: =VLOOKUP(E52,$B$29:$C$97,2) -> 3.5716667 | G52: =INT((ROW(G24)-1)/69)+1 -> 1 | H52: =AVERAGEIF($G$29:$G$2538, J51, $F$29:$F$2538) -> 32.879449 | J52: 25
B53: =B52+D52 -> 601 | C53: 21.437667 | D53: 25 | E53: 25 | F53: =VLOOKUP(E53,$B$29:$C$97,2) -> 3.5716667 | G53: =INT((ROW(G25)-1)/69)+1 -> 1 | H53: =AVERAGEIF($G$29:$G$2538, J52, $F$29:$F$2538) -> 33.374447
B54: =B53+D53 -> 626 | C54: 22.406667 | D54: 25 | E54: 26 | F54: =VLOOKUP(E54,$B$29:$C$97,2) -> 3.0186667 | G54: =INT((ROW(G26)-1)/69)+1 -> 1
B55: =B54+D54 -> 651 | C55: 24.168333 | D55: 25 | E55: 27 | F55: =VLOOKUP(E55,$B$29:$C$97,2) -> 3.0186667 | G55: =INT((ROW(G27)-1)/69)+1 -> 1
B56: =B55+D55 -> 676 | C56: 22.799667 | D56: 25 | E56: 28 | F56: =VLOOKUP(E56,$B$29:$C$97,2) -> 3.0186667 | G56: =INT((ROW(G28)-1)/69)+1 -> 1
B57: =B56+D56 -> 701 | C57: 21.948333 | D57: 25 | E57: 29 | F57: =VLOOKUP(E57,$B$29:$C$97,2) -> 3.0186667 | G57: =INT((ROW(G29)-1)/69)+1 -> 1
B58: =B57+D57 -> 726 | C58: 21.140667 | D58: 25 | E58: 30 | F58: =VLOOKUP(E58,$B$29:$C$97,2) -> 3.0186667 | G58: =INT((ROW(G30)-1)/69)+1 -> 1
B59: =B58+D58 -> 751 | C59: 26.195333 | D59: 25 | E59: 31 | F59: =VLOOKUP(E59,$B$29:$C$97,2) -> 3.0186667 | G59: =INT((ROW(G31)-1)/69)+1 -> 1
B60: =B59+D59 -> 776 | C60: 23.410333 | D60: 25 | E60: 32 | F60: =VLOOKUP(E60,$B$29:$C$97,2) -> 3.0186667 | G60: =INT((ROW(G32)-1)/69)+1 -> 1
B61: =B60+D60 -> 801 | C61: 26.457333 | D61: 25 | E61: 33 | F61: =VLOOKUP(E61,$B$29:$C$97,2) -> 3.0186667 | G61: =INT((ROW(G33)-1)/69)+1 -> 1
B62: =B61+D61 -> 826 | C62: 24.672 | D62: 25 | E62: 34 | F62: =VLOOKUP(E62,$B$29:$C$97,2) -> 3.0186667 | G62: =INT((ROW(G34)-1)/69)+1 -> 1
B63: =B62+D62 -> 851 | C63: 29.691667 | D63: 25 | E63: 35 | F63: =VLOOKUP(E63,$B$29:$C$97,2) -> 3.0186667 | G63: =INT((ROW(G35)-1)/69)+1 -> 1
B64: =B63+D63 -> 876 | C64: 26.423 | D64: 25 | E64: 36 | F64: =VLOOKUP(E64,$B$29:$C$97,2) -> 3.0186667 | G64: =INT((ROW(G36)-1)/69)+1 -> 1
B65: =B64+D64 -> 901 | C65: 25.183667 | D65: 25 | E65: 37 | F65: =VLOOKUP(E65,$B$29:$C$97,2) -> 3.0186667 | G65: =INT((ROW(G37)-1)/69)+1 -> 1
... B97: =B96+D96 -> 1701 | C97: 32.593 | D97: 25 | E97: 69 | F97: =VLOOKUP(E97,$B$29:$C$97,2) -> 5.5556667 | G97: =INT((ROW(G69)-1)/69)+1 -> 1
B98: =B97+D97 -> 1726 | D98: 25 | E98: 70 | F98: =VLOOKUP(E98,$B$29:$C$97,2) -> 5.5556667 | G98: =INT((ROW(G70)-1)/69)+1 -> 2
B99: =B98+D98 -> 1751 | D99: 25 | E99: 71 | F99: =VLOOKUP(E99,$B$29:$C$97,2) -> 5.5556667 | G99: =INT((ROW(G71)-1)/69)+1 -> 2
B100: =B99+D99 -> 1776 | D100: 25 | E100: 72 | F100: =VLOOKUP(E100,$B$29:$C$97,2) -> 5.5556667 | G100: =INT((ROW(G72)-1)/69)+1 -> 2
B101: =B100+D100 -> 1801 | D101: 25 | E101: 73 | F101: =VLOOKUP(E101,$B$29:$C$97,2) -> 5.5556667 | G101: =INT((ROW(G73)-1)/69)+1 -> 2
B102: =B101+D101 -> 1826 | D102: 25 | E102: 74 | F102: =VLOOKUP(E102,$B$29:$C$97,2) -> 5.5556667 | G102: =INT((ROW(G74)-1)/69)+1 -> 2
B103: =B102+D102 -> 1851 | D103: 25 | E103: 75 | F103: =VLOOKUP(E103,$B$29:$C$97,2) -> 5.5556667 | G103: =INT((ROW(G75)-1)/69)+1 -> 2
B104: =B103+D103 -> 1876 | D104: 25 | E104: 76 | F104: =VLOOKUP(E104,$B$29:$C$97,2) -> 7.7986667 | G104: =INT((ROW(G76)-1)/69)+1 -> 2
B105: =B104+D104 -> 1901 | D105: 25 | E105: 77 | F105: =VLOOKUP(E105,$B$29:$C$97,2) -> 7.7986667 | G105: =INT((ROW(G77)-1)/69)+1 -> 2
B106: =B105+D105 -> 1926 | D106: 25 | E106: 78 | F106: =VLOOKUP(E106,$B$29:$C$97,2) -> 7.7986667 | G106: =INT((ROW(G78)-1)/69)+1 -> 2
B107: =B106+D106 -> 1951 | D107: 25 | E107: 79 | F107: =VLOOKUP(E107,$B$29:$C$97,2) -> 7.7986667 | G107: =INT((ROW(G79)-1)/69)+1 -> 2
B108: =B107+D107 -> 1976 | D108: 25 | E108: 80 | F108: =VLOOKUP(E108,$B$29:$C$97,2) -> 7.7986667 | G108: =INT((ROW(G80)-1)/69)+1 -> 2
B109: =B108+D108 -> 2001 | D109: 25 | E109: 81 | F109: =VLOOKUP(E109,$B$29:$C$97,2) -> 7.7986667 | G109: =INT((ROW(G81)-1)/69)+1 -> 2
... B128: =B127+D127 -> 2476 | D128: 25 | E128: 100 | F128: =VLOOKUP(E128,$B$29:$C$97,2) -> 7.7986667 | G128: =INT((ROW(G100)-1)/69)+1 -> 2
B129: =B128+D128 -> 2501 | E129: 101 | F129: =VLOOKUP(E129,$B$29:$C$97,2) -> 6.7923333 | G129: =INT((ROW(G101)-1)/69)+1 -> 2
E130: 102 | F130: =VLOOKUP(E130,$B$29:$C$97,2) -> 6.7923333 | G130: =INT((ROW(G102)-1)/69)+1 -> 2
E131: 103 | F131: =VLOOKUP(E131,$B$29:$C$97,2) -> 6.7923333 | G131: =INT((ROW(G103)-1)/69)+1 -> 2
E132: 104 | F132: =VLOOKUP(E132,$B$29:$C$97,2) -> 6.7923333 | G132: =INT((ROW(G104)-1)/69)+1 -> 2
E133: 105 | F133: =VLOOKUP(E133,$B$29:$C$97,2) -> 6.7923333 | G133: =INT((ROW(G105)-1)/69)+1 -> 2
E134: 106 | F134: =VLOOKUP(E134,$B$29:$C$97,2) -> 6.7923333 | G134: =INT((ROW(G106)-1)/69)+1 -> 2
E135: 107 | F135: =VLOOKUP(E135,$B$29:$C$97,2) -> 6.7923333 | G135: =INT((ROW(G107)-1)/69)+1 -> 2
E136: 108 | F136: =VLOOKUP(E136,$B$29:$C$97,2) -> 6.7923333 | G136: =INT((ROW(G108)-1)/69)+1 -> 2
E137: 109 | F137: =VLOOKUP(E137,$B$29:$C$97,2) -> 6.7923333 | G137: =INT((ROW(G109)-1)/69)+1 -> 2
E138: 110 | F138: =VLOOKUP(E138,$B$29:$C$97,2) -> 6.7923333 | G138: =INT((ROW(G110)-1)/69)+1 -> 2
E139: 111 | F139: =VLOOKUP(E139,$B$29:$C$97,2) -> 6.7923333 | G139: =INT((ROW(G111)-1)/69)+1 -> 2
E140: 112 | F140: =VLOOKUP(E140,$B$29:$C$97,2) -> 6.7923333 | G140: =INT((ROW(G112)-1)/69)+1 -> 2
E141: 113 | F141: =VLOOKUP(E141,$B$29:$C$97,2) -> 6.7923333 | G141: =INT((ROW(G113)-1)/69)+1 -> 2
... E1753: 1725 | F1753: =VLOOKUP(E1753,$B$29:$C$97,2) -> 32.593 | G1753: =INT((ROW(G1725)-1)/69)+1 -> 25

Sheet Standardized - 2019
A1: Year | B1: Standardized Cell Number | C1: Under42 | D1: WAS27 | E1: WAS03 | F1: WAS21 | G1: WAS36 | H1: WAS49 | I1: GT-1 | J1: GT-3 | K1: GT-4 | L1: WAS61 | M1: AboveP1 | N1: WAS51 | O1: WAS50 | P1: WAS42 | Q1: WAS01 | R1: WAS04 | S1: WAS63 | T1: WAS64 | U1: WAS48 | V1: WAS57 | W1: WAS65 | Y1: Standardized Ring | Z1: DF-Cliff | AA1: DF-Soil | AB1: ES-Cliff | AC1: ES-Soil | AE1: Species | AF1: Site | AG1: Average LD | AH1: SD | AI1: SE
A2: 2019 | B2: 1 | C2: 3.4764 | D2: 2.387 | E2: 2.2710495 | F2: 1.066 | G2: 3.8354661 | H2: 1.7873772 | I2: 2.0880606 | J2: 6.4221574 | K2: 4.9678015 | L2: 4.497131 | M2: 3.9779329 | N2: 3.1628679 | O2: 1.536963 | P2: 2.6415 | Q2: 0.755 | R2: 6.085 | S2: 3.5051452 | T2: 4.5017895 | U2: 1.9490303 | V2: 1.5093333 | W2: 5.2401596 | Y2: 1 | Z2: =AVERAGE(C2:G2) -> 2.6071831 | AA2: =AVERAGE(H2:L2) -> 3.9525055 | AB2: =AVERAGE(M2:R2) -> 3.026544 | AC2: =AVERAGE(S2:W2) -> 3.3410916 | AE2: Spruce | AF2: Soil | AG2: =AVERAGE(S2:W26) -> 23.834772 | AH2: =STDEV(S2:W26) -> 10.160924 | AI2: =AH2/SQRT(125) -> 0.90882069
A3: 2019 | B3: 2 | C3: 4.4119895 | D3: 2.387 | E3: 3.6970856 | F3: 1.066 | G3: 3.7479831 | H3: 3.429386 | I3: 3.392596 | J3: 8.8441481 | K3: 7.4829033 | L3: 6.6336905 | M3: 5.3485702 | N3: 4.9385283 | O3: 2.0542284 | P3: 4.8770463 | Q3: 0.755 | R3: 5.5956667 | S3: 4.9939624 | T3: 7.7824211 | U3: 5.5776667 | V3: 2.0123333 | W3: 12.657025 | Y3: 2 | Z3: =AVERAGE(C3:G3) -> 3.0620116 | AA3: =AVERAGE(H3:L3) -> 5.9565448 | AB3: =AVERAGE(M3:R3) -> 3.9281733 | AC3: =AVERAGE(S3:W3) -> 6.6046816 | AE3: Spruce | AF3: Cliff | AG3: =AVERAGE($M$2:$Q$26) -> 15.618312 | AH3: =STDEV($M$2:$Q$26) -> 7.3800017 | AI3: =AH3/SQRT(125) -> 0.66008742
A4: 2019 | B4: 3 | C4: 5.9218737 | D4: 2.387 | E4: 3.6831036 | F4: 1.8591458 | G4: 3.6982599 | H4: 3.6599547 | I4: 5.2716061 | J4: 9.6353241 | K4: 9.4302799 | L4: 6.3694286 | M4: 6.6349476 | N4: 6.3984151 | O4: 3.3073333 | P4: 7.3316296 | Q4: 0.755 | R4: 4.617 | S4: 8.0870968 | T4: 8.6397193 | U4: 7.4216061 | V4: 6.324 | W4: 9.8692163 | Y4: 3 | Z4: =AVERAGE(C4:G4) -> 3.5098766 | AA4: =AVERAGE(H4:L4) -> 6.8733187 | AB4: =AVERAGE(M4:R4) -> 4.8407209 | AC4: =AVERAGE(S4:W4) -> 8.0683277 | AE4: Douglas Fir | AF4: Soil | AG4: =AVERAGE($H$2:$L$26) -> 20.520984 | AH4: =STDEV($H$2:$L$26) -> 10.093184 | AI4: =AH4/SQRT(125) -> 0.90276186
A5: 2019 | B5: 4 | C5: 7.6932316 | D5: 2.5652857 | E5: 6.560036 | F5: 1.93125 | G5: 4.0746723 | H5: 5.9794386 | I5: 6.6410404 | J5: 11.828046 | K5: 9.3378448 | L5: 5.6673452 | M5: 7.840914 | N5: 7.7370943 | O5: 4.9017654 | P5: 10.9435 | Q5: 2.075375 | R5: 5.2425556 | S5: 9.1457312 | T5: 10.265386 | U5: 13.533333 | V5: 8.139 | W5: 13.615748 | Y5: 4 | Z5: =AVERAGE(C5:G5) -> 4.5648951 | AA5: =AVERAGE(H5:L5) -> 7.8907431 | AB5: =AVERAGE(M5:R5) -> 6.4568674 | AC5: =AVERAGE(S5:W5) -> 10.93984 | AE5: Douglas Fir | AF5: Cliff | AG5: =AVERAGE($C$2:$G$26) -> 14.762523 | AH5: =STDEV($C$2:$G$26) -> 8.4134822 | AI5: =AH5/SQRT(125) -> 0.75252473
A6: 2019 | B6: 5 | C6: 6.3114 | D6: 2.803 | E6: 5.8169009 | F6: 4.429375 | G6: 4.7729266 | H6: 7.8327325 | I6: 7.1024545 | J6: 10.881991 | K6: 9.6930153 | L6: 5.9484167 | M6: 7.7324151 | N6: 9.1491321 | O6: 7.040358 | P6: 11.054194 | Q6: 2.264 | R6: 5.5553333 | S6: 9.897043 | T6: 9.7142807 | U6: 13.15897 | V6: 12.945667 | W6: 15.161167 | Y6: 5 | Z6: =AVERAGE(C6:G6) -> 4.8267205 | AA6: =AVERAGE(H6:L6) -> 8.2917219 | AB6: =AVERAGE(M6:R6) -> 7.1325722 | AC6: =AVERAGE(S6:W6) -> 12.175425
A7: 2019 | B7: 6 | C7: 7.9305368 | D7: 2.803 | E7: 4.5249685 | F7: 4.929 | G7: 5.5552881 | H7: 10.020789 | I7: 8.5826768 | J7: 12.441407 | K7: 10.499824 | L7: 6.8061012 | M7: 8.6081006 | N7: 9.4647547 | O7: 8.3105556 | P7: 12.529519 | Q7: 2.264 | R7: 4.8563333 | S7: 9.1967151 | T7: 10.904456 | U7: 13.052061 | V7: 16.401333 | W7: 18.857954 | Y7: 6 | Z7: =AVERAGE(C7:G7) -> 5.1485587 | AA7: =AVERAGE(H7:L7) -> 9.6701599 | AB7: =AVERAGE(M7:R7) -> 7.6722105 | AC7: =AVERAGE(S7:W7) -> 13.682504
A8: 2019 | B8: 7 | C8: 10.174821 | D8: 2.803 | E8: 7.1462613 | F8: 7.749375 | G8: 6.6996893 | H8: 9.2364649 | I8: 10.848566 | J8: 19.757306 | K8: 10.342076 | L8: 9.7596488 | M8: 8.5600168 | N8: 8.5944151 | O8: 9.1159136 | P8: 14.415519 | Q8: 9.0565 | R8: 5.2935556 | S8: 14.25078 | T8: 13.271684 | U8: 17.619121 | V8: 13.114333 | W8: 21.004965 | Y8: 7 | Z8: =AVERAGE(C8:G8) -> 6.9146293 | AA8: =AVERAGE(H8:L8) -> 11.988812 | AB8: =AVERAGE(M8:R8) -> 9.1726533 | AC8: =AVERAGE(S8:W8) -> 15.852177
A9: 2019 | B9: 8 | C9: 12.724758 | D9: 9.4659143 | E9: 7.9361892 | F9: 8.6895 | G9: 8.3280847 | H9: 10.496904 | I9: 13.542152 | J9: 28.163046 | K9: 10.37142 | L9: 12.075405 | M9: 9.4284654 | N9: 10.731245 | O9: 10.055309 | P9: 15.597333 | Q9: 11.320667 | R9: 6.168 | S9: 16.342151 | T9: 18.275842 | U9: 20.875667 | V9: 14.848667 | W9: 24.988691 | Y9: 8 | Z9: =AVERAGE(C9:G9) -> 9.4288892 | AA9: =AVERAGE(H9:L9) -> 14.929785 | AB9: =AVERAGE(M9:R9) -> 10.55017 | AC9: =AVERAGE(S9:W9) -> 19.066203
A10: 2019 | B10: 9 | C10: 14.9276 | D10: 10.5764 | E10: 9.3769685 | F10: 13.336833 | G10: 7.5731864 | H10: 15.781355 | I10: 16.118444 | J10: 30.067889 | K10: 11.956705 | L10: 12.295417 | M10: 11.153962 | N10: 12.838113 | O10: 12.484222 | P10: 17.99 | Q10: 11.320667 | R10: 9.0053333 | S10: 18.017629 | T10: 22.239667 | U10: 26.549121 | V10: 23.896333 | W10: 25.719794 | Y10: 9 | Z10: =AVERAGE(C10:G10) -> 11.158198 | AA10: =AVERAGE(H10:L10) -> 17.243962 | AB10: =AVERAGE(M10:R10) -> 12.465383 | AC10: =AVERAGE(S10:W10) -> 23.284509
A11: 2019 | B11: 10 | C11: 13.785547 | D11: 10.5764 | E11: 11.101378 | F11: 15.6605 | G11: 9.052339 | H11: 17.992557 | I11: 19.348263 | J11: 32.492065 | K11: 11.289313 | L11: 14.52069 | M11: 14.735723 | N11: 11.877887 | O11: 16.025049 | P11: 19.806796 | Q11: 16.694625 | R11: 10.424 | S11: 21.287 | T11: 24.498526 | U11: 27.753121 | V11: 18.685 | W11: 28.288117 | Y11: 10 | Z11: =AVERAGE(C11:G11) -> 12.035233 | AA11: =AVERAGE(H11:L11) -> 19.128578 | AB11: =AVERAGE(M11:R11) -> 14.927347 | AC11: =AVERAGE(S11:W11) -> 24.102353
A12: 2019 | B12: 11 | C12: 14.8364 | D12: 13.096971 | E12: 11.690459 | F12: 19.080146 | G12: 10.523345 | H12: 22.048368 | I12: 19.695879 | J12: 29.746861 | K12: 14.275738 | L12: 14.64978 | M12: 17.301094 | N12: 13.373585 | O12: 19.823185 | P12: 21.42 | Q12: 19.919 | R12: 14.878667 | S12: 19.27357 | T12: 28.588105 | U12: 29.757152 | V12: 20.417333 | W12: 31.770152 | Y12: 11 | Z12: =AVERAGE(C12:G12) -> 13.845464 | AA12: =AVERAGE(H12:L12) -> 20.083325 | AB12: =AVERAGE(M12:R12) -> 17.785922 | AC12: =AVERAGE(S12:W12) -> 25.961262
A13: 2019 | B13: 12 | C13: 16.610884 | D13: 19.3984 | E13: 13.119509 | F13: 21.52275 | G13: 13.482147 | H13: 26.262404 | I13: 20.203455 | J13: 31.224444 | K13: 16.688107 | L13: 17.957006 | M13: 16.025765 | N13: 13.367585 | O13: 17.483296 | P13: 19.151556 | Q13: 19.919 | R13: 16.202444 | S13: 23.783763 | T13: 30.775684 | U13: 30.899515 | V13: 17.543333 | W13: 33.167642 | Y13: 12 | Z13: =AVERAGE(C13:G13) -> 16.826738 | AA13: =AVERAGE(H13:L13) -> 22.467083 | AB13: =AVERAGE(M13:R13) -> 17.024941 | AC13: =AVERAGE(S13:W13) -> 27.233988
A14: 2019 | B14: 13 | C14: 18.0428 | D14: 19.3984 | E14: 11.741685 | F14: 23.798375 | G14: 19.701424 | H14: 28.07843 | I14: 19.881657 | J14: 34.236167 | K14: 20.106405 | L14: 21.176381 | M14: 15.901509 | N14: 13.891019 | O14: 21.40484 | P14: 19.245333 | Q14: 19.469333 | R14: 18.85 | S14: 31.220828 | T14: 29.625263 | U14: 33.820773 | V14: 19.942 | W14: 34.37505 | Y14: 13 | Z14: =AVERAGE(C14:G14) -> 18.536537 | AA14: =AVERAGE(H14:L14) -> 24.695808 | AB14: =AVERAGE(M14:R14) -> 18.127006 | AC14: =AVERAGE(S14:W14) -> 29.796783
A15: 2019 | B15: 14 | C15: 18.048863 | D15: 19.3984 | E15: 15.199829 | F15: 26.074 | G15: 20.345051 | H15: 28.618377 | I15: 19.659758 | J15: 30.920806 | K15: 21.271738 | L15: 19.66719 | M15: 13.479258 | N15: 15.506528 | O15: 19.389333 | P15: 20.155926 | Q15: 19.019667 | R15: 22.567556 | S15: 27.418005 | T15: 28.328684 | U15: 35.569636 | V15: 23.416333 | W15: 32.12311 | Y15: 14 | Z15: =AVERAGE(C15:G15) -> 19.813229 | AA15: =AVERAGE(H15:L15) -> 24.027574 | AB15: =AVERAGE(M15:R15) -> 18.353045 | AC15: =AVERAGE(S15:W15) -> 29.371154
A16: 2019 | B16: 15 | C16: 19.886842 | D16: 22.0004 | E16: 14.040027 | F16: 26.535667 | G16: 20.338712 | H16: 26.38536 | I16: 20.440768 | J16: 30.233806 | K16: 25.356944 | L16: 18.987143 | M16: 10.822415 | N16: 18.776755 | O16: 23.17663 | P16: 24.422 | Q16: 19.019667 | R16: 24.426333 | S16: 24.676844 | T16: 27.976825 | U16: 29.936485 | V16: 21.733333 | W16: 28.425624 | Y16: 15 | Z16: =AVERAGE(C16:G16) -> 20.56033 | AA16: =AVERAGE(H16:L16) -> 24.280804 | AB16: =AVERAGE(M16:R16) -> 20.1073 | AC16: =AVERAGE(S16:W16) -> 26.549822
A17: 2019 | B17: 16 | C17: 21.868253 | D17: 23.0412 | E17: 12.279347 | F17: 27.182 | G17: 18.558006 | H17: 26.995838 | I17: 23.100808 | J17: 33.675148 | K17: 25.889936 | L17: 26.819143 | M17: 13.407501 | N17: 18.428226 | O17: 22.519951 | P17: 23.505019 | Q17: 20.216292 | R17: 26.416 | S17: 26.956538 | T17: 29.538088 | U17: 35.805758 | V17: 23.010333 | W17: 34.020837 | Y17: 16 | Z17: =AVERAGE(C17:G17) -> 20.585761 | AA17: =AVERAGE(H17:L17) -> 27.296175 | AB17: =AVERAGE(M17:R17) -> 20.748831 | AC17: =AVERAGE(S17:W17) -> 29.866311
... A26: 2019 | B26: 25 | C26: 18.058 | D26: 24.2126 | E26: 18.000214 | F26: 29.437667 | G26: 20.420345 | H26: 32.278789 | I26: 19.220056 | J26: 37.218889 | K26: 30.294936 | L26: 26.792804 | M26: 19.726953 | N26: 23.18 | O26: 28.429346 | P26: 28.7415 | Q26: 19.079 | R26: 28.747667 | S26: 28.419476 | T26: 35.069404 | U26: 40.535303 | V26: 27.887333 | W26: 34.516582 | Y26: 25 | Z26: =AVERAGE(C26:G26) -> 22.025765 | AA26: =AVERAGE(H26:L26) -> 29.161095 | AB26: =AVERAGE(M26:R26) -> 24.650744 | AC26: =AVERAGE(S26:W26) -> 33.285619
B28: Helper Column | D28: Repeat Times | E28: Helper Column | F28: Product | H28: Final | J28: 1
B29: 1 | C29: 0.755 | D29: 25 | E29: 1 | F29: =VLOOKUP(E29,$B$29:$C$124,2) -> 0.755 | G29: =INT(((ROW(G1)-1)/75)+1) -> 1 | H29: =AVERAGEIF($G$29:$G$3417, J28, $F$29:$F$3387) -> 1.5093333 | J29: 2
B30: =B29+D29 -> 26 | C30: 2.264 | D30: 25 | E30: 2 | F30: =VLOOKUP(E30,$B$29:$C$124,2) -> 0.755 | G30: =INT(((ROW(G2)-1)/75)+1) -> 1 | H30: =AVERAGEIF($G$29:$G$3417, J29, $F$29:$F$3387) -> 2.0123333 | J30: 3
B31: =B30+D30 -> 51 | C31: 1.509 | D31: 25 | E31: 3 | F31: =VLOOKUP(E31,$B$29:$C$124,2) -> 0.755 | G31: =INT(((ROW(G3)-1)/75)+1) -> 1 | H31: =AVERAGEIF($G$29:$G$3417, J30, $F$29:$F$3387) -> 6.324 | J31: 4
B32: =B31+D31 -> 76 | C32: 1.509 | D32: 25 | E32: 4 | F32: =VLOOKUP(E32,$B$29:$C$124,2) -> 0.755 | G32: =INT(((ROW(G4)-1)/75)+1) -> 1 | H32: =AVERAGEIF($G$29:$G$3417, J31, $F$29:$F$3387) -> 8.139 | J32: 5
B33: =B32+D32 -> 101 | C33: 1.509 | D33: 25 | E33: 5 | F33: =VLOOKUP(E33,$B$29:$C$124,2) -> 0.755 | G33: =INT(((ROW(G5)-1)/75)+1) -> 1 | H33: =AVERAGEIF($G$29:$G$3417, J32, $F$29:$F$3387) -> 12.945667 | J33: 6
B34: =B33+D33 -> 126 | C34: 3.019 | D34: 25 | E34: 6 | F34: =VLOOKUP(E34,$B$29:$C$124,2) -> 0.755 | G34: =INT(((ROW(G6)-1)/75)+1) -> 1 | H34: =AVERAGEIF($G$29:$G$3417, J33, $F$29:$F$3387) -> 16.401333 | J34: 7
B35: =B34+D34 -> 151 | C35: 6.834 | D35: 25 | E35: 7 | F35: =VLOOKUP(E35,$B$29:$C$124,2) -> 0.755 | G35: =INT(((ROW(G7)-1)/75)+1) -> 1 | H35: =AVERAGEIF($G$29:$G$3417, J34, $F$29:$F$3387) -> 13.114333 | J35: 8
B36: =B35+D35 -> 176 | C36: 4.591 | D36: 25 | E36: 8 | F36: =VLOOKUP(E36,$B$29:$C$124,2) -> 0.755 | G36: =INT(((ROW(G8)-1)/75)+1) -> 1 | H36: =AVERAGEIF($G$29:$G$3417, J35, $F$29:$F$3387) -> 14.848667 | J36: 9
B37: =B36+D36 -> 201 | C37: 7.547 | D37: 25 | E37: 9 | F37: =VLOOKUP(E37,$B$29:$C$124,2) -> 0.755 | G37: =INT(((ROW(G9)-1)/75)+1) -> 1 | H37: =AVERAGEIF($G$29:$G$3417, J36, $F$29:$F$3387) -> 23.896333 | J37: 10
B38: =B37+D37 -> 226 | C38: 6.958 | D38: 25 | E38: 10 | F38: =VLOOKUP(E38,$B$29:$C$124,2) -> 0.755 | G38: =INT(((ROW(G10)-1)/75)+1) -> 1 | H38: =AVERAGEIF($G$29:$G$3417, J37, $F$29:$F$3387) -> 18.685 | J38: 11
B39: =B38+D38 -> 251 | C39: 11.421 | D39: 25 | E39: 11 | F39: =VLOOKUP(E39,$B$29:$C$124,2) -> 0.755 | G39: =INT(((ROW(G11)-1)/75)+1) -> 1 | H39: =AVERAGEIF($G$29:$G$3417, J38, $F$29:$F$3387) -> 20.417333 | J39: 12
B40: =B39+D39 -> 276 | C40: 6.038 | D40: 25 | E40: 12 | F40: =VLOOKUP(E40,$B$29:$C$124,2) -> 0.755 | G40: =INT(((ROW(G12)-1)/75)+1) -> 1 | H40: =AVERAGEIF($G$29:$G$3417, J39, $F$29:$F$3387) -> 17.543333 | J40: 13
B41: =B40+D40 -> 301 | C41: 9.335 | D41: 25 | E41: 13 | F41: =VLOOKUP(E41,$B$29:$C$124,2) -> 0.755 | G41: =INT(((ROW(G13)-1)/75)+1) -> 1 | H41: =AVERAGEIF($G$29:$G$3417, J40, $F$29:$F$3387) -> 19.942 | J41: 14
... B52: =B51+D51 -> 576 | C52: 16.604 | D52: 25 | E52: 24 | F52: =VLOOKUP(E52,$B$29:$C$124,2) -> 0.755 | G52: =INT(((ROW(G24)-1)/75)+1) -> 1 | H52: =AVERAGEIF($G$29:$G$3417, J51, $F$29:$F$3387) -> 27.935 | J52: 25
B53: =B52+D52 -> 601 | C53: 25.088 | D53: 25 | E53: 25 | F53: =VLOOKUP(E53,$B$29:$C$124,2) -> 0.755 | G53: =INT(((ROW(G25)-1)/75)+1) -> 1 | H53: =AVERAGEIF($G$29:$G$3417, J52, $F$29:$F$3387) -> 27.887333
B54: =B53+D53 -> 626 | C54: 19.854 | D54: 25 | E54: 26 | F54: =VLOOKUP(E54,$B$29:$C$124,2) -> 2.264 | G54: =INT(((ROW(G26)-1)/75)+1) -> 1
B55: =B54+D54 -> 651 | C55: 26.747 | D55: 25 | E55: 27 | F55: =VLOOKUP(E55,$B$29:$C$124,2) -> 2.264 | G55: =INT(((ROW(G27)-1)/75)+1) -> 1
B56: =B55+D55 -> 676 | C56: 24.257 | D56: 25 | E56: 28 | F56: =VLOOKUP(E56,$B$29:$C$124,2) -> 2.264 | G56: =INT(((ROW(G28)-1)/75)+1) -> 1
B57: =B56+D56 -> 701 | C57: 13.669 | D57: 25 | E57: 29 | F57: =VLOOKUP(E57,$B$29:$C$124,2) -> 2.264 | G57: =INT(((ROW(G29)-1)/75)+1) -> 1
B58: =B57+D57 -> 726 | C58: 18.129 | D58: 25 | E58: 30 | F58: =VLOOKUP(E58,$B$29:$C$124,2) -> 2.264 | G58: =INT(((ROW(G30)-1)/75)+1) -> 1
B59: =B58+D58 -> 751 | C59: 24.198 | D59: 25 | E59: 31 | F59: =VLOOKUP(E59,$B$29:$C$124,2) -> 2.264 | G59: =INT(((ROW(G31)-1)/75)+1) -> 1
B60: =B59+D59 -> 776 | C60: 16.621 | D60: 25 | E60: 32 | F60: =VLOOKUP(E60,$B$29:$C$124,2) -> 2.264 | G60: =INT(((ROW(G32)-1)/75)+1) -> 1
B61: =B60+D60 -> 801 | C61: 20.433 | D61: 25 | E61: 33 | F61: =VLOOKUP(E61,$B$29:$C$124,2) -> 2.264 | G61: =INT(((ROW(G33)-1)/75)+1) -> 1
B62: =B61+D61 -> 826 | C62: 17.619 | D62: 25 | E62: 34 | F62: =VLOOKUP(E62,$B$29:$C$124,2) -> 2.264 | G62: =INT(((ROW(G34)-1)/75)+1) -> 1
B63: =B62+D62 -> 851 | C63: 12.169 | D63: 25 | E63: 35 | F63: =VLOOKUP(E63,$B$29:$C$124,2) -> 2.264 | G63: =INT(((ROW(G35)-1)/75)+1) -> 1
B64: =B63+D63 -> 876 | C64: 22.842 | D64: 25 | E64: 36 | F64: =VLOOKUP(E64,$B$29:$C$124,2) -> 2.264 | G64: =INT(((ROW(G36)-1)/75)+1) -> 1
B65: =B64+D64 -> 901 | C65: 20.6 | D65: 25 | E65: 37 | F65: =VLOOKUP(E65,$B$29:$C$124,2) -> 2.264 | G65: =INT(((ROW(G37)-1)/75)+1) -> 1
... B103: =B102+D102 -> 1851 | C103: 19.003 | D103: 25 | E103: 75 | F103: =VLOOKUP(E103,$B$29:$C$124,2) -> 1.509 | G103: =INT(((ROW(G75)-1)/75)+1) -> 1
B104: =B103+D103 -> 1876 | D104: 25 | E104: 76 | F104: =VLOOKUP(E104,$B$29:$C$124,2) -> 1.509 | G104: =INT(((ROW(G76)-1)/75)+1) -> 2
B105: =B104+D104 -> 1901 | D105: 25 | E105: 77 | F105: =VLOOKUP(E105,$B$29:$C$124,2) -> 1.509 | G105: =INT(((ROW(G77)-1)/75)+1) -> 2
B106: =B105+D105 -> 1926 | D106: 25 | E106: 78 | F106: =VLOOKUP(E106,$B$29:$C$124,2) -> 1.509 | G106: =INT(((ROW(G78)-1)/75)+1) -> 2
B107: =B106+D106 -> 1951 | D107: 25 | E107: 79 | F107: =VLOOKUP(E107,$B$29:$C$124,2) -> 1.509 | G107: =INT(((ROW(G79)-1)/75)+1) -> 2
B108: =B107+D107 -> 1976 | D108: 25 | E108: 80 | F108: =VLOOKUP(E108,$B$29:$C$124,2) -> 1.509 | G108: =INT(((ROW(G80)-1)/75)+1) -> 2
B109: =B108+D108 -> 2001 | D109: 25 | E109: 81 | F109: =VLOOKUP(E109,$B$29:$C$124,2) -> 1.509 | G109: =INT(((ROW(G81)-1)/75)+1) -> 2
B110: =B109+D109 -> 2026 | D110: 25 | E110: 82 | F110: =VLOOKUP(E110,$B$29:$C$124,2) -> 1.509 | G110: =INT(((ROW(G82)-1)/75)+1) -> 2
B111: =B110+D110 -> 2051 | D111: 25 | E111: 83 | F111: =VLOOKUP(E111,$B$29:$C$124,2) -> 1.509 | G111: =INT(((ROW(G83)-1)/75)+1) -> 2
B112: =B111+D111 -> 2076 | D112: 25 | E112: 84 | F112: =VLOOKUP(E112,$B$29:$C$124,2) -> 1.509 | G112: =INT(((ROW(G84)-1)/75)+1) -> 2
B113: =B112+D112 -> 2101 | D113: 25 | E113: 85 | F113: =VLOOKUP(E113,$B$29:$C$124,2) -> 1.509 | G113: =INT(((ROW(G85)-1)/75)+1) -> 2
B114: =B113+D113 -> 2126 | D114: 25 | E114: 86 | F114: =VLOOKUP(E114,$B$29:$C$124,2) -> 1.509 | G114: =INT(((ROW(G86)-1)/75)+1) -> 2
B115: =B114+D114 -> 2151 | D115: 25 | E115: 87 | F115: =VLOOKUP(E115,$B$29:$C$124,2) -> 1.509 | G115: =INT(((ROW(G87)-1)/75)+1) -> 2
... B159: =B158+D158 -> 3251 | D159: 25 | E159: 131 | F159: =VLOOKUP(E159,$B$29:$C$124,2) -> 3.019 | G159: =INT(((ROW(G131)-1)/75)+1) -> 2
B160: =B159+D159 -> 3276 | E160: 132 | F160: =VLOOKUP(E160,$B$29:$C$124,2) -> 3.019 | G160: =INT(((ROW(G132)-1)/75)+1) -> 2
E161: 133 | F161: =VLOOKUP(E161,$B$29:$C$124,2) -> 3.019 | G161: =INT(((ROW(G133)-1)/75)+1) -> 2
E162: 134 | F162: =VLOOKUP(E162,$B$29:$C$124,2) -> 3.019 | G162: =INT(((ROW(G134)-1)/75)+1) -> 2
E163: 135 | F163: =VLOOKUP(E163,$B$29:$C$124,2) -> 3.019 | G163: =INT(((ROW(G135)-1)/75)+1) -> 2
E164: 136 | F164: =VLOOKUP(E164,$B$29:$C$124,2) -> 3.019 | G164: =INT(((ROW(G136)-1)/75)+1) -> 2
E165: 137 | F165: =VLOOKUP(E165,$B$29:$C$124,2) -> 3.019 | G165: =INT(((ROW(G137)-1)/75)+1) -> 2
E166: 138 | F166: =VLOOKUP(E166,$B$29:$C$124,2) -> 3.019 | G166: =INT(((ROW(G138)-1)/75)+1) -> 2
E167: 139 | F167: =VLOOKUP(E167,$B$29:$C$124,2) -> 3.019 | G167: =INT(((ROW(G139)-1)/75)+1) -> 2
E168: 140 | F168: =VLOOKUP(E168,$B$29:$C$124,2) -> 3.019 | G168: =INT(((ROW(G140)-1)/75)+1) -> 2
E169: 141 | F169: =VLOOKUP(E169,$B$29:$C$124,2) -> 3.019 | G169: =INT(((ROW(G141)-1)/75)+1) -> 2
E170: 142 | F170: =VLOOKUP(E170,$B$29:$C$124,2) -> 3.019 | G170: =INT(((ROW(G142)-1)/75)+1) -> 2
E171: 143 | F171: =VLOOKUP(E171,$B$29:$C$124,2) -> 3.019 | G171: =INT(((ROW(G143)-1)/75)+1) -> 2
E172: 144 | F172: =VLOOKUP(E172,$B$29:$C$124,2) -> 3.019 | G172: =INT(((ROW(G144)-1)/75)+1) -> 2
... E1903: 1875 | F1903: =VLOOKUP(E1903,$B$29:$C$124,2) -> 19.003 | G1903: =INT(((ROW(G1875)-1)/75)+1) -> 25
E1904: 1876
E1905: 1877
E1906: 1878
E1907: 1879
E1908: 1880
E1909: 1881
E1910: 1882
E1911: 1883
E1912: 1884
E1913: 1885
E1914: 1886
E1915: 1887
... E3303: 3275

Sheet Standardized - 2020
A1: Year | B1: Standardized Cell Number | C1: Under42 | D1: WAS27 | E1: WAS03 | F1: WAS21 | G1: WAS36 | H1: WAS49 | I1: GT-1 | J1: GT-3 | K1: GT-4 | L1: WAS61 | M1: AboveP1 | N1: WAS51 | O1: WAS50 | P1: WAS42 | Q1: WAS01 | R1: WAS04 | S1: WAS63 | T1: WAS64 | U1: WAS48 | V1: WAS57 | W1: WAS65 | Y1: Standardized Ring | Z1: DF-Cliff | AA1: DF-Soil | AB1: ES-Cliff | AC1: ES-Soil | AE1: Species | AF1: Site | AG1: Average LD | AH1: SD | AI1: SE
A2: 2020 | B2: 1 | C2: 3.2647308 | D2: 0.755 | E2: 1.3910588 | F2: 1.509 | G2: 2.7708889 | H2: 3.112 | I2: 3.4755962 | J2: 3.088814 | K2: 2.0397547 | L2: 2.0609545 | M2: 3.5471814 | N2: 4.890717 | O2: 0.78457143 | P2: 3.0588974 | Q2: 1.5093333 | R2: 5.148 | S2: 4.1615 | T2: 1.5960175 | U2: 2.5411582 | V2: 4.1182174 | W2: 5.6146275 | Y2: 1 | Z2: =AVERAGE(C2:G2) -> 1.9381357 | AA2: =AVERAGE(H2:L2) -> 2.7554239 | AB2: =AVERAGE(M2:R2) -> 3.1564501 | AC2: =AVERAGE(S2:W2) -> 3.6063041 | AE2: Spruce | AF2: Soil | AG2: =AVERAGE(S2:W26) -> 21.870989 | AH2: =STDEV(S2:W26) -> 9.4906611 | AI2: =AH2/SQRT(125) -> 0.84887053
A3: 2020 | B3: 2 | C3: 4.8813269 | D3: 0.755 | E3: 1.5259608 | F3: 2.07525 | G3: 4.6999565 | H3: 3.848 | I3: 4.4912308 | J3: 3.8262209 | K3: 3.6332708 | L3: 4.5967784 | M3: 4.40382 | N3: 5.8120295 | O3: 1.308 | P3: 4.0945385 | Q3: 1.5093333 | R3: 4.4400714 | S3: 5.4815342 | T3: 2.950614 | U3: 5.9737627 | V3: 3.3436957 | W3: 10.163706 | Y3: 2 | Z3: =AVERAGE(C3:G3) -> 2.7874988 | AA3: =AVERAGE(H3:L3) -> 4.0791002 | AB3: =AVERAGE(M3:R3) -> 3.5946321 | AC3: =AVERAGE(S3:W3) -> 5.5826625 | AE3: Spruce | AF3: Cliff | AG3: =AVERAGE($M$2:$Q$26) -> 16.197398 | AH3: =STDEV($M$2:$Q$26) -> 8.2628876 | AI3: =AH3/SQRT(125) -> 0.73905513
A4: 2020 | B4: 3 | C4: 5.4381904 | D4: 0.755 | E4: 2.4243922 | F4: 3.20775 | G4: 4.9895749 | H4: 2.264 | I4: 4.1656538 | J4: 3.5279612 | K4: 4.6975708 | L4: 4.8856648 | M4: 6.8790943 | N4: 8.265936 | O4: 2.6279524 | P4: 4.6183942 | Q4: 1.5092917 | R4: 5.6084762 | S4: 8.481911 | T4: 4.8513158 | U4: 9.810452 | V4: 6.1912174 | W4: 11.593196 | Y4: 3 | Z4: =AVERAGE(C4:G4) -> 3.3629815 | AA4: =AVERAGE(H4:L4) -> 3.9081701 | AB4: =AVERAGE(M4:R4) -> 4.9181908 | AC4: =AVERAGE(S4:W4) -> 8.1856184 | AE4: Douglas Fir | AF4: Soil | AG4: =AVERAGE($H$2:$L$26) -> 19.332604 | AH4: =STDEV($H$2:$L$26) -> 10.84836 | AI4: =AH4/SQRT(125) -> 0.97030686
A5: 2020 | B5: 4 | C5: 5.2595538 | D5: 1.2531071 | E5: 2.3380196 | F5: 4.6000833 | G5: 4.6705459 | H5: 4.16975 | I5: 4.9358205 | J5: 4.8204574 | K5: 4.9807659 | L5: 3.9686136 | M5: 6.4409753 | N5: 9.605178 | O5: 3.9240476 | P5: 5.2719808 | Q5: 1.50925 | R5: 6.1275714 | S5: 10.826062 | T5: 7.1987018 | U5: 10.566559 | V5: 7.4841957 | W5: 12.343098 | Y5: 4 | Z5: =AVERAGE(C5:G5) -> 3.624262 | AA5: =AVERAGE(H5:L5) -> 4.5750815 | AB5: =AVERAGE(M5:R5) -> 5.4798339 | AC5: =AVERAGE(S5:W5) -> 9.6837233 | AE5: Douglas Fir | AF5: Cliff | AG5: =AVERAGE($C$2:$G$26) -> 15.056306 | AH5: =STDEV($C$2:$G$26) -> 8.4336118 | AI5: =AH5/SQRT(125) -> 0.75432517
A6: 2020 | B6: 5 | C6: 5.3153231 | D6: 1.91725 | E6: 3.2035098 | F6: 5.29625 | G6: 6.2601691 | H6: 4.15125 | I6: 4.5872436 | J6: 6.2074961 | K6: 7.0396451 | L6: 4.2649205 | M6: 6.5603657 | N6: 11.185418 | O6: 5.326381 | P6: 6.6783365 | Q6: 1.50925 | R6: 6.0776667 | S6: 12.648342 | T6: 5.773614 | U6: 10.648181 | V6: 6.2020217 | W6: 15.056549 | Y6: 5 | Z6: =AVERAGE(C6:G6) -> 4.3985004 | AA6: =AVERAGE(H6:L6) -> 5.250111 | AB6: =AVERAGE(M6:R6) -> 6.2229029 | AC6: =AVERAGE(S6:W6) -> 10.065742
A7: 2020 | B7: 6 | C7: 5.7944923 | D7: 1.91725 | E7: 5.6407059 | F7: 10.18875 | G7: 7.7831787 | H7: 5.10475 | I7: 6.1818974 | J7: 7.7591085 | K7: 6.87444 | L7: 6.2407557 | M7: 7.3828621 | N7: 12.436384 | O7: 6.1096905 | P7: 9.4154615 | Q7: 3.0635 | R7: 7.2092857 | S7: 15.709459 | T7: 9.299 | U7: 15.47061 | V7: 7.547 | W7: 15.815353 | Y7: 6 | Z7: =AVERAGE(C7:G7) -> 6.2648754 | AA7: =AVERAGE(H7:L7) -> 6.4321903 | AB7: =AVERAGE(M7:R7) -> 7.602864 | AC7: =AVERAGE(S7:W7) -> 12.768284
A8: 2020 | B8: 7 | C8: 6.6818154 | D8: 1.91725 | E8: 8.4564216 | F8: 12.138417 | G8: 10.52244 | H8: 6.415 | I8: 8.1357051 | J8: 11.840992 | K8: 7.575629 | L8: 8.8301847 | M8: 9.1072917 | N8: 13.018264 | O8: 7.2430833 | P8: 11.559808 | Q8: 3.0635 | R8: 7.2283333 | S8: 19.678055 | T8: 15.146561 | U8: 18.770412 | V8: 7.9243478 | W8: 20.490353 | Y8: 7 | Z8: =AVERAGE(C8:G8) -> 7.9432686 | AA8: =AVERAGE(H8:L8) -> 8.5595022 | AB8: =AVERAGE(M8:R8) -> 8.5367134 | AC8: =AVERAGE(S8:W8) -> 16.401946
A9: 2020 | B9: 8 | C9: 7.5784 | D9: 4.2973214 | E9: 11.769333 | F9: 16.03775 | G9: 12.808691 | H9: 6.80425 | I9: 10.597769 | J9: 13.416938 | K9: 7.4265624 | L9: 11.845861 | M9: 10.732842 | N9: 13.258166 | O9: 7.9901429 | P9: 13.809154 | Q9: 7.386375 | R9: 7.9843333 | S9: 19.507123 | T9: 16.267386 | U9: 22.614237 | V9: 11.025717 | W9: 19.771882 | Y9: 8 | Z9: =AVERAGE(C9:G9) -> 10.498299 | AA9: =AVERAGE(H9:L9) -> 10.018276 | AB9: =AVERAGE(M9:R9) -> 10.193502 | AC9: =AVERAGE(S9:W9) -> 17.837269
A10: 2020 | B10: 9 | C10: 8.8866538 | D10: 4.694 | E10: 11.487392 | F10: 19.061583 | G10: 12.81714 | H10: 8.13 | I10: 11.856269 | J10: 18.076775 | K10: 13.187843 | L10: 16.610094 | M10: 11.958044 | N10: 13.896308 | O10: 10.249357 | P10: 14.418471 | Q10: 11.70925 | R10: 11.147889 | S10: 21.716582 | T10: 18.961509 | U10: 26.242407 | V10: 12.436391 | W10: 19.498275 | Y10: 9 | Z10: =AVERAGE(C10:G10) -> 11.389354 | AA10: =AVERAGE(H10:L10) -> 13.572196 | AB10: =AVERAGE(M10:R10) -> 12.229887 | AC10: =AVERAGE(S10:W10) -> 19.771033
A11: 2020 | B11: 10 | C11: 11.331292 | D11: 4.694 | E11: 13.359529 | F11: 20.5735 | G11: 16.526014 | H11: 12.086 | I11: 12.619 | J11: 26.45107 | K11: 11.931252 | L11: 18.69667 | M11: 13.239512 | N11: 14.950681 | O11: 14.674036 | P11: 17.851962 | Q11: 11.70925 | R11: 13.769048 | S11: 25.117171 | T11: 21.316509 | U11: 27.788294 | V11: 11.796761 | W11: 24.539333 | Y11: 10 | Z11: =AVERAGE(C11:G11) -> 13.296867 | AA11: =AVERAGE(H11:L11) -> 16.356798 | AB11: =AVERAGE(M11:R11) -> 14.365748 | AC11: =AVERAGE(S11:W11) -> 22.111614
A12: 2020 | B12: 11 | C12: 13.603515 | D12: 6.6304571 | E12: 14.273059 | F12: 21.70775 | G12: 20.893609 | H12: 12.482 | I12: 15.509667 | J12: 30.089574 | K12: 16.431737 | L12: 22.552281 | M12: 15.114978 | N12: 14.789158 | O12: 21.183381 | P12: 18.624298 | Q12: 16.63925 | R12: 16.537286 | S12: 27.867808 | T12: 25.593842 | U12: 28.228073 | V12: 22.518435 | W12: 24.28198 | Y12: 11 | Z12: =AVERAGE(C12:G12) -> 15.421678 | AA12: =AVERAGE(H12:L12) -> 19.413052 | AB12: =AVERAGE(M12:R12) -> 17.148059 | AC12: =AVERAGE(S12:W12) -> 25.698028
A13: 2020 | B13: 12 | C13: 16.094785 | D13: 11.4716 | E13: 14.192343 | F13: 21.401417 | G13: 19.228749 | H13: 18.13225 | I13: 17.883513 | J13: 31.109078 | K13: 21.149079 | L13: 22.448557 | M13: 16.658833 | N13: 16.552912 | O13: 22.732036 | P13: 18.353635 | Q13: 16.63925 | R13: 20.771667 | S13: 24.506747 | T13: 29.219684 | U13: 24.821412 | V13: 22.480391 | W13: 23.113235 | Y13: 12 | Z13: =AVERAGE(C13:G13) -> 16.477779 | AA13: =AVERAGE(H13:L13) -> 22.144495 | AB13: =AVERAGE(M13:R13) -> 18.618055 | AC13: =AVERAGE(S13:W13) -> 24.828294
A14: 2020 | B14: 13 | C14: 17.3715 | D14: 11.4716 | E14: 15.6785 | F14: 20.78875 | G14: 18.748135 | H14: 22.4755 | I14: 17.2925 | J14: 32.201109 | K14: 21.882094 | L14: 24.546065 | M14: 16.931396 | N14: 16.74234 | O14: 22.0385 | P14: 20.296125 | Q14: 17.96725 | R14: 24.052333 | S14: 27.443322 | T14: 30.87086 | U14: 25.105073 | V14: 20.063 | W14: 26.890314 | Y14: 13 | Z14: =AVERAGE(C14:G14) -> 16.811697 | AA14: =AVERAGE(H14:L14) -> 23.679454 | AB14: =AVERAGE(M14:R14) -> 19.671324 | AC14: =AVERAGE(S14:W14) -> 26.074514
A15: 2020 | B15: 14 | C15: 16.528723 | D15: 11.4716 | E15: 15.299804 | F15: 21.92875 | G15: 15.487348 | H15: 24.18125 | I15: 20.160026 | J15: 34.424612 | K15: 25.92899 | L15: 25.558278 | M15: 17.427065 | N15: 19.528886 | O15: 22.110774 | P15: 21.224558 | Q15: 19.29525 | R15: 25.868794 | S15: 27.89726 | T15: 32.213509 | U15: 29.53939 | V15: 18.858109 | W15: 27.948059 | Y15: 14 | Z15: =AVERAGE(C15:G15) -> 16.143245 | AA15: =AVERAGE(H15:L15) -> 26.050631 | AB15: =AVERAGE(M15:R15) -> 20.909221 | AC15: =AVERAGE(S15:W15) -> 27.291265
A16: 2020 | B16: 15 | C16: 20.294092 | D16: 15.237314 | E16: 18.62051 | F16: 22.49875 | G16: 18.379623 | H16: 24.8475 | I16: 21.743718 | J16: 33.865628 | K16: 28.115655 | L16: 25.946324 | M16: 19.265521 | N16: 20.974399 | O16: 20.534952 | P16: 20.553596 | Q16: 19.29525 | R16: 28.832857 | S16: 27.556164 | T16: 30.323684 | U16: 28.075147 | V16: 17.313978 | W16: 31.089843 | Y16: 15 | Z16: =AVERAGE(C16:G16) -> 19.006058 | AA16: =AVERAGE(H16:L16) -> 26.903765 | AB16: =AVERAGE(M16:R16) -> 21.576096 | AC16: =AVERAGE(S16:W16) -> 26.871763
A17: 2020 | B17: 16 | C17: 23.570385 | D17: 16.7436 | E17: 19.856539 | F17: 27.024 | G17: 22.240471 | H17: 27.61725 | I17: 23.694949 | J17: 37.201333 | K17: 29.007861 | L17: 30.75033 | M17: 18.62883 | N17: 25.290697 | O17: 21.190429 | P17: 20.494712 | Q17: 19.64475 | R17: 30.69646 | S17: 24.825842 | T17: 34.895175 | U17: 30.374407 | V17: 23.698 | W17: 30.234784 | Y17: 16 | Z17: =AVERAGE(C17:G17) -> 21.886999 | AA17: =AVERAGE(H17:L17) -> 29.654345 | AB17: =AVERAGE(M17:R17) -> 22.657646 | AC17: =AVERAGE(S17:W17) -> 28.805642
... A26: 2020 | B26: 25 | C26: 20.753762 | D26: 21.0402 | E26: 19.938235 | F26: 21.139 | G26: 23.320971 | H26: 21.27725 | I26: 29.974474 | J26: 29.834636 | K26: 27.761756 | L26: 32.340415 | M26: 14.638628 | N26: 19.981887 | O26: 31.905571 | P26: 36.983997 | Q26: 22.52525 | R26: 34.369333 | S26: 29.588829 | T26: 34.146982 | U26: 25.764915 | V26: 34.970913 | W26: 36.931686 | Y26: 25 | Z26: =AVERAGE(C26:G26) -> 21.238434 | AA26: =AVERAGE(H26:L26) -> 28.237706 | AB26: =AVERAGE(M26:R26) -> 26.734111 | AC26: =AVERAGE(S26:W26) -> 32.280665
B28: Helper Column | D28: Repeat Times | E28: Helper Column | F28: Product | H28: Final | J28: 1
B29: 1 | C29: 3.774 | D29: 25 | E29: 1 | F29: =VLOOKUP(E29,$B$29:$C$135,2) -> 3.774 | G29: =INT(((ROW(G1)-1)/46)+1) -> 1 | H29: =AVERAGEIF($G$29:$G$3417, J28, $F$29:$F$3387) -> 4.1182174 | J29: 2
B30: =B29+D29 -> 26 | C30: 4.528 | D30: 25 | E30: 2 | F30: =VLOOKUP(E30,$B$29:$C$135,2) -> 3.774 | G30: =INT(((ROW(G2)-1)/46)+1) -> 1 | H30: =AVERAGEIF($G$29:$G$3417, J29, $F$29:$F$3387) -> 3.3436957 | J30: 3
B31: =B30+D30 -> 51 | C31: 3.375 | D31: 25 | E31: 3 | F31: =VLOOKUP(E31,$B$29:$C$135,2) -> 3.774 | G31: =INT(((ROW(G3)-1)/46)+1) -> 1 | H31: =AVERAGEIF($G$29:$G$3417, J30, $F$29:$F$3387) -> 6.1912174 | J31: 4
B32: =B31+D31 -> 76 | C32: 3.019 | D32: 25 | E32: 4 | F32: =VLOOKUP(E32,$B$29:$C$135,2) -> 3.774 | G32: =INT(((ROW(G4)-1)/46)+1) -> 1 | H32: =AVERAGEIF($G$29:$G$3417, J31, $F$29:$F$3387) -> 7.4841957 | J32: 5
B33: =B32+D32 -> 101 | C33: 6.038 | D33: 25 | E33: 5 | F33: =VLOOKUP(E33,$B$29:$C$135,2) -> 3.774 | G33: =INT(((ROW(G5)-1)/46)+1) -> 1 | H33: =AVERAGEIF($G$29:$G$3417, J32, $F$29:$F$3387) -> 6.2020217 | J33: 6
B34: =B33+D33 -> 126 | C34: 8.438 | D34: 25 | E34: 6 | F34: =VLOOKUP(E34,$B$29:$C$135,2) -> 3.774 | G34: =INT(((ROW(G6)-1)/46)+1) -> 1 | H34: =AVERAGEIF($G$29:$G$3417, J33, $F$29:$F$3387) -> 7.547 | J34: 7
B35: =B34+D34 -> 151 | C35: 7.547 | D35: 25 | E35: 7 | F35: =VLOOKUP(E35,$B$29:$C$135,2) -> 3.774 | G35: =INT(((ROW(G7)-1)/46)+1) -> 1 | H35: =AVERAGEIF($G$29:$G$3417, J34, $F$29:$F$3387) -> 7.9243478 | J35: 8
B36: =B35+D35 -> 176 | C36: 6.038 | D36: 25 | E36: 8 | F36: =VLOOKUP(E36,$B$29:$C$135,2) -> 3.774 | G36: =INT(((ROW(G8)-1)/46)+1) -> 1 | H36: =AVERAGEIF($G$29:$G$3417, J35, $F$29:$F$3387) -> 11.025717 | J36: 9
B37: =B36+D36 -> 201 | C37: 6.038 | D37: 25 | E37: 9 | F37: =VLOOKUP(E37,$B$29:$C$135,2) -> 3.774 | G37: =INT(((ROW(G9)-1)/46)+1) -> 1 | H37: =AVERAGEIF($G$29:$G$3417, J36, $F$29:$F$3387) -> 12.436391 | J37: 10
B38: =B37+D37 -> 226 | C38: 7.547 | D38: 25 | E38: 10 | F38: =VLOOKUP(E38,$B$29:$C$135,2) -> 3.774 | G38: =INT(((ROW(G10)-1)/46)+1) -> 1 | H38: =AVERAGEIF($G$29:$G$3417, J37, $F$29:$F$3387) -> 11.796761 | J38: 11
B39: =B38+D38 -> 251 | C39: 7.547 | D39: 25 | E39: 11 | F39: =VLOOKUP(E39,$B$29:$C$135,2) -> 3.774 | G39: =INT(((ROW(G11)-1)/46)+1) -> 1 | H39: =AVERAGEIF($G$29:$G$3417, J38, $F$29:$F$3387) -> 22.518435 | J39: 12
B40: =B39+D39 -> 276 | C40: 7.547 | D40: 25 | E40: 12 | F40: =VLOOKUP(E40,$B$29:$C$135,2) -> 3.774 | G40: =INT(((ROW(G12)-1)/46)+1) -> 1 | H40: =AVERAGEIF($G$29:$G$3417, J39, $F$29:$F$3387) -> 22.480391 | J40: 13
B41: =B40+D40 -> 301 | C41: 8.336 | D41: 25 | E41: 13 | F41: =VLOOKUP(E41,$B$29:$C$135,2) -> 3.774 | G41: =INT(((ROW(G13)-1)/46)+1) -> 1 | H41: =AVERAGEIF($G$29:$G$3417, J40, $F$29:$F$3387) -> 20.063 | J41: 14
... B52: =B51+D51 -> 576 | C52: 20.503 | D52: 25 | E52: 24 | F52: =VLOOKUP(E52,$B$29:$C$135,2) -> 3.774 | G52: =INT(((ROW(G24)-1)/46)+1) -> 1 | H52: =AVERAGEIF($G$29:$G$3417, J51, $F$29:$F$3387) -> 34.635391 | J52: 25
B53: =B52+D52 -> 601 | C53: 25.008 | D53: 25 | E53: 25 | F53: =VLOOKUP(E53,$B$29:$C$135,2) -> 3.774 | G53: =INT(((ROW(G25)-1)/46)+1) -> 1 | H53: =AVERAGEIF($G$29:$G$3417, J52, $F$29:$F$3387) -> 34.970913
B54: =B53+D53 -> 626 | C54: 10.593 | D54: 25 | E54: 26 | F54: =VLOOKUP(E54,$B$29:$C$135,2) -> 4.528 | G54: =INT(((ROW(G26)-1)/46)+1) -> 1
B55: =B54+D54 -> 651 | C55: 18.363 | D55: 25 | E55: 27 | F55: =VLOOKUP(E55,$B$29:$C$135,2) -> 4.528 | G55: =INT(((ROW(G27)-1)/46)+1) -> 1
B56: =B55+D55 -> 676 | C56: 18.254 | D56: 25 | E56: 28 | F56: =VLOOKUP(E56,$B$29:$C$135,2) -> 4.528 | G56: =INT(((ROW(G28)-1)/46)+1) -> 1
B57: =B56+D56 -> 701 | C57: 25.671 | D57: 25 | E57: 29 | F57: =VLOOKUP(E57,$B$29:$C$135,2) -> 4.528 | G57: =INT(((ROW(G29)-1)/46)+1) -> 1
B58: =B57+D57 -> 726 | C58: 24.163 | D58: 25 | E58: 30 | F58: =VLOOKUP(E58,$B$29:$C$135,2) -> 4.528 | G58: =INT(((ROW(G30)-1)/46)+1) -> 1
B59: =B58+D58 -> 751 | C59: 18.883 | D59: 25 | E59: 31 | F59: =VLOOKUP(E59,$B$29:$C$135,2) -> 4.528 | G59: =INT(((ROW(G31)-1)/46)+1) -> 1
B60: =B59+D59 -> 776 | C60: 20.433 | D60: 25 | E60: 32 | F60: =VLOOKUP(E60,$B$29:$C$135,2) -> 4.528 | G60: =INT(((ROW(G32)-1)/46)+1) -> 1
B61: =B60+D60 -> 801 | C61: 22.754 | D61: 25 | E61: 33 | F61: =VLOOKUP(E61,$B$29:$C$135,2) -> 4.528 | G61: =INT(((ROW(G33)-1)/46)+1) -> 1
B62: =B61+D61 -> 826 | C62: 22.21 | D62: 25 | E62: 34 | F62: =VLOOKUP(E62,$B$29:$C$135,2) -> 4.528 | G62: =INT(((ROW(G34)-1)/46)+1) -> 1
B63: =B62+D62 -> 851 | C63: 16.757 | D63: 25 | E63: 35 | F63: =VLOOKUP(E63,$B$29:$C$135,2) -> 4.528 | G63: =INT(((ROW(G35)-1)/46)+1) -> 1
B64: =B63+D63 -> 876 | C64: 19.404 | D64: 25 | E64: 36 | F64: =VLOOKUP(E64,$B$29:$C$135,2) -> 4.528 | G64: =INT(((ROW(G36)-1)/46)+1) -> 1
B65: =B64+D64 -> 901 | C65: 21.132 | D65: 25 | E65: 37 | F65: =VLOOKUP(E65,$B$29:$C$135,2) -> 4.528 | G65: =INT(((ROW(G37)-1)/46)+1) -> 1
... B74: =B73+D73 -> 1126 | C74: 33.752 | D74: 25 | E74: 46 | F74: =VLOOKUP(E74,$B$29:$C$135,2) -> 4.528 | G74: =INT(((ROW(G46)-1)/46)+1) -> 1
B75: =B74+D74 -> 1151 | D75: 25 | E75: 47 | F75: =VLOOKUP(E75,$B$29:$C$135,2) -> 4.528 | G75: =INT(((ROW(G47)-1)/46)+1) -> 2
B76: =B75+D75 -> 1176 | D76: 25 | E76: 48 | F76: =VLOOKUP(E76,$B$29:$C$135,2) -> 4.528 | G76: =INT(((ROW(G48)-1)/46)+1) -> 2
B77: =B76+D76 -> 1201 | D77: 25 | E77: 49 | F77: =VLOOKUP(E77,$B$29:$C$135,2) -> 4.528 | G77: =INT(((ROW(G49)-1)/46)+1) -> 2
B78: =B77+D77 -> 1226 | D78: 25 | E78: 50 | F78: =VLOOKUP(E78,$B$29:$C$135,2) -> 4.528 | G78: =INT(((ROW(G50)-1)/46)+1) -> 2
B79: =B78+D78 -> 1251 | D79: 25 | E79: 51 | F79: =VLOOKUP(E79,$B$29:$C$135,2) -> 3.375 | G79: =INT(((ROW(G51)-1)/46)+1) -> 2
B80: =B79+D79 -> 1276 | D80: 25 | E80: 52 | F80: =VLOOKUP(E80,$B$29:$C$135,2) -> 3.375 | G80: =INT(((ROW(G52)-1)/46)+1) -> 2
B81: =B80+D80 -> 1301 | D81: 25 | E81: 53 | F81: =VLOOKUP(E81,$B$29:$C$135,2) -> 3.375 | G81: =INT(((ROW(G53)-1)/46)+1) -> 2
B82: =B81+D81 -> 1326 | D82: 25 | E82: 54 | F82: =VLOOKUP(E82,$B$29:$C$135,2) -> 3.375 | G82: =INT(((ROW(G54)-1)/46)+1) -> 2
B83: =B82+D82 -> 1351 | D83: 25 | E83: 55 | F83: =VLOOKUP(E83,$B$29:$C$135,2) -> 3.375 | G83: =INT(((ROW(G55)-1)/46)+1) -> 2
B84: =B83+D83 -> 1376 | D84: 25 | E84: 56 | F84: =VLOOKUP(E84,$B$29:$C$135,2) -> 3.375 | G84: =INT(((ROW(G56)-1)/46)+1) -> 2
B85: =B84+D84 -> 1401 | D85: 25 | E85: 57 | F85: =VLOOKUP(E85,$B$29:$C$135,2) -> 3.375 | G85: =INT(((ROW(G57)-1)/46)+1) -> 2
B86: =B85+D85 -> 1426 | D86: 25 | E86: 58 | F86: =VLOOKUP(E86,$B$29:$C$135,2) -> 3.375 | G86: =INT(((ROW(G58)-1)/46)+1) -> 2
... B159: =B158+D158 -> 3251 | D159: 25 | E159: 131 | F159: =VLOOKUP(E159,$B$29:$C$135,2) -> 8.438 | G159: =INT(((ROW(G131)-1)/46)+1) -> 3
B160: =B159+D159 -> 3276 | E160: 132 | F160: =VLOOKUP(E160,$B$29:$C$135,2) -> 8.438 | G160: =INT(((ROW(G132)-1)/46)+1) -> 3
E161: 133 | F161: =VLOOKUP(E161,$B$29:$C$135,2) -> 8.438 | G161: =INT(((ROW(G133)-1)/46)+1) -> 3
E162: 134 | F162: =VLOOKUP(E162,$B$29:$C$135,2) -> 8.438 | G162: =INT(((ROW(G134)-1)/46)+1) -> 3
E163: 135 | F163: =VLOOKUP(E163,$B$29:$C$135,2) -> 8.438 | G163: =INT(((ROW(G135)-1)/46)+1) -> 3
E164: 136 | F164: =VLOOKUP(E164,$B$29:$C$135,2) -> 8.438 | G164: =INT(((ROW(G136)-1)/46)+1) -> 3
E165: 137 | F165: =VLOOKUP(E165,$B$29:$C$135,2) -> 8.438 | G165: =INT(((ROW(G137)-1)/46)+1) -> 3
E166: 138 | F166: =VLOOKUP(E166,$B$29:$C$135,2) -> 8.438 | G166: =INT(((ROW(G138)-1)/46)+1) -> 3
E167: 139 | F167: =VLOOKUP(E167,$B$29:$C$135,2) -> 8.438 | G167: =INT(((ROW(G139)-1)/46)+1) -> 4
E168: 140 | F168: =VLOOKUP(E168,$B$29:$C$135,2) -> 8.438 | G168: =INT(((ROW(G140)-1)/46)+1) -> 4
E169: 141 | F169: =VLOOKUP(E169,$B$29:$C$135,2) -> 8.438 | G169: =INT(((ROW(G141)-1)/46)+1) -> 4
E170: 142 | F170: =VLOOKUP(E170,$B$29:$C$135,2) -> 8.438 | G170: =INT(((ROW(G142)-1)/46)+1) -> 4
E171: 143 | F171: =VLOOKUP(E171,$B$29:$C$135,2) -> 8.438 | G171: =INT(((ROW(G143)-1)/46)+1) -> 4
E172: 144 | F172: =VLOOKUP(E172,$B$29:$C$135,2) -> 8.438 | G172: =INT(((ROW(G144)-1)/46)+1) -> 4
... E1178: 1150 | F1178: =VLOOKUP(E1178,$B$29:$C$135,2) -> 33.752 | G1178: =INT(((ROW(G1150)-1)/46)+1) -> 25
E1179: 1151
E1180: 1152
E1181: 1153
E1182: 1154
E1183: 1155
E1184: 1156
E1185: 1157
E1186: 1158
E1187: 1159
E1188: 1160
E1189: 1161
E1190: 1162
... E3303: 3275

Sheet Standardized - ALL
A1: Standardized Ring | B1: DF-Cliff-2018 | C1: DF-Cliff-2019 | D1: DF-Cliff-2020 | E1: Standardized Ring | F1: DF-Soil-2018 | G1: DF-Soil-2019 | H1: DF-Soil-2020 | I1: Standardized Ring | J1: ES-Cliff-2018 | K1: ES-Cliff-2019 | L1: ES-Cliff-2020 | M1: Standardized Ring | N1: ES-Soil-2018 | O1: ES-Soil-2019 | P1: ES-Soil-2020 | R1: Species | S1: Site | T1: Average LD | U1: SD | V1: SE | W1: YEAR
A2: 1 | B2: 2.4519204 | C2: 2.6071831 | D2: 1.9381357 | E2: 1 | F2: 3.9208884 | G2: 3.9525055 | H2: 2.7554239 | I2: 1 | J2: 3.0861715 | K2: 3.026544 | L2: 3.1564501 | M2: 1 | N2: 3.2937314 | O2: 3.3410916 | P2: 3.6063041 | R2: Spruce | S2: Soil | T2: 23.025567 | U2: 9.849947 | V2: 0.88100605 | W2: 2018
A3: 2 | B3: 3.3957911 | C3: 3.0620116 | D3: 2.7874988 | E3: 2 | F3: 4.9268313 | G3: 5.9565448 | H3: 4.0791002 | I3: 2 | J3: 3.6375144 | K3: 3.9281733 | L3: 3.5946321 | M3: 2 | N3: 5.6669636 | O3: 6.6046816 | P3: 5.5826625 | R3: Spruce | S3: Cliff | T3: 15.341354 | U3: 7.5335678 | V3: 0.67382279 | W3: 2018
A4: 3 | B4: 4.0501472 | C4: 3.5098766 | D4: 3.3629815 | E4: 3 | F4: 5.2525136 | G4: 6.8733187 | H4: 3.9081701 | I4: 3 | J4: 3.9418851 | K4: 4.8407209 | L4: 4.9181908 | M4: 3 | N4: 7.8578576 | O4: 8.0683277 | P4: 8.1856184 | R4: Douglas Fir | S4: Soil | T4: 18.020608 | U4: 11.000374 | V4: 0.98390339 | W4: 2018
A5: 4 | B5: 4.0997988 | C5: 4.5648951 | D5: 3.624262 | E5: 4 | F5: 6.0288348 | G5: 7.8907431 | H5: 4.5750815 | I5: 4 | J5: 4.7865733 | K5: 6.4568674 | L5: 5.4798339 | M5: 4 | N5: 10.524688 | O5: 10.93984 | P5: 9.6837233 | R5: Douglas Fir | S5: Cliff | T5: 14.319844 | U5: 8.3036084 | V5: 0.74269731 | W5: 2018
A6: 5 | B6: 5.0197913 | C6: 4.8267205 | D6: 4.3985004 | E6: 5 | F6: 6.7081722 | G6: 8.2917219 | H6: 5.250111 | I6: 5 | J6: 5.4483461 | K6: 7.1325722 | L6: 6.2229029 | M6: 5 | N6: 12.977153 | O6: 12.175425 | P6: 10.065742 | R6: Spruce | S6: Soil | T6: 23.834772 | U6: 10.160924 | V6: 0.90882069 | W6: 2019
A7: 6 | B7: 5.2003759 | C7: 5.1485587 | D7: 6.2648754 | E7: 6 | F7: 7.4595144 | G7: 9.6701599 | H7: 6.4321903 | I7: 6 | J7: 6.86952 | K7: 7.6722105 | L7: 7.602864 | M7: 6 | N7: 15.073596 | O7: 13.682504 | P7: 12.768284 | R7: Spruce | S7: Cliff | T7: 15.618312 | U7: 7.3800017 | V7: 0.66008742 | W7: 2019
A8: 7 | B8: 5.4428261 | C8: 6.9146293 | D8: 7.9432686 | E8: 7 | F8: 8.901271 | G8: 11.988812 | H8: 8.5595022 | I8: 7 | J8: 9.0270414 | K8: 9.1726533 | L8: 8.5367134 | M8: 7 | N8: 17.193638 | O8: 15.852177 | P8: 16.401946 | R8: Douglas Fir | S8: Soil | T8: 20.520984 | U8: 10.093184 | V8: 0.90276186 | W8: 2019
A9: 8 | B9: 7.9438398 | C9: 9.4288892 | D9: 10.498299 | E9: 8 | F9: 9.8866743 | G9: 14.929785 | H9: 10.018276 | I9: 8 | J9: 11.394698 | K9: 10.55017 | L9: 10.193502 | M9: 8 | N9: 18.427003 | O9: 19.066203 | P9: 17.837269 | R9: Douglas Fir | S9: Cliff | T9: 14.762523 | U9: 8.4134822 | V9: 0.75252473 | W9: 2019
A10: 9 | B10: 8.8264585 | C10: 11.158198 | D10: 11.389354 | E10: 9 | F10: 11.983187 | G10: 17.243962 | H10: 13.572196 | I10: 9 | J10: 12.822459 | K10: 12.465383 | L10: 12.229887 | M10: 9 | N10: 21.167685 | O10: 23.284509 | P10: 19.771033 | R10: Spruce | S10: Soil | T10: 21.870989 | U10: 9.4906611 | V10: 0.84887053 | W10: 2020
A11: 10 | B11: 11.411192 | C11: 12.035233 | D11: 13.296867 | E11: 10 | F11: 13.628593 | G11: 19.128578 | H11: 16.356798 | I11: 10 | J11: 14.809787 | K11: 14.927347 | L11: 14.365748 | M11: 10 | N11: 24.483582 | O11: 24.102353 | P11: 22.111614 | R11: Spruce | S11: Cliff | T11: 16.197398 | U11: 8.2628876 | V11: 0.73905513 | W11: 2020
A12: 11 | B12: 12.923535 | C12: 13.845464 | D12: 15.421678 | E12: 11 | F12: 14.765005 | G12: 20.083325 | H12: 19.413052 | I12: 11 | J12: 16.704072 | K12: 17.785922 | L12: 17.148059 | M12: 11 | N12: 23.713339 | O12: 25.961262 | P12: 25.698028 | R12: Douglas Fir | S12: Soil | T12: 19.332604 | U12: 10.84836 | V12: 0.97030686 | W12: 2020
A13: 12 | B13: 16.069035 | C13: 16.826738 | D13: 16.477779 | E13: 12 | F13: 16.975234 | G13: 22.467083 | H13: 22.144495 | I13: 12 | J13: 16.730947 | K13: 17.024941 | L13: 18.618055 | M13: 12 | N13: 25.514341 | O13: 27.233988 | P13: 24.828294 | R13: Douglas Fir | S13: Cliff | T13: 15.056306 | U13: 8.4336118 | V13: 0.75432517 | W13: 2020
A14: 13 | B14: 16.917148 | C14: 18.536537 | D14: 16.811697 | E14: 13 | F14: 19.077319 | G14: 24.695808 | H14: 23.679454 | I14: 13 | J14: 18.013852 | K14: 18.127006 | L14: 19.671324 | M14: 13 | N14: 26.734317 | O14: 29.796783 | P14: 26.074514
A15: 14 | B15: 18.563021 | C15: 19.813229 | D15: 16.143245 | E15: 14 | F15: 21.083527 | G15: 24.027574 | H15: 26.050631 | I15: 14 | J15: 20.165914 | K15: 18.353045 | L15: 20.909221 | M15: 14 | N15: 27.348196 | O15: 29.371154 | P15: 27.291265
A16: 15 | B16: 19.648804 | C16: 20.56033 | D16: 19.006058 | E16: 15 | F16: 21.353399 | G16: 24.280804 | H16: 26.903765 | I16: 15 | J16: 21.312526 | K16: 20.1073 | L16: 21.576096 | M16: 15 | N16: 29.632139 | O16: 26.549822 | P16: 26.871763
A17: 16 | B17: 19.623219 | C17: 20.585761 | D17: 21.886999 | E17: 16 | F17: 24.112016 | G17: 27.296175 | H17: 29.654345 | I17: 16 | J17: 22.155829 | K17: 20.748831 | L17: 22.657646 | M17: 16 | N17: 31.346885 | O17: 29.866311 | P17: 28.805642
A18: 17 | B18: 20.743083 | C18: 20.184214 | D18: 22.840161 | E18: 17 | F18: 26.131088 | G18: 29.036628 | H18: 29.518454 | I18: 17 | J18: 22.773194 | K18: 21.864931 | L18: 24.065381 | M18: 17 | N18: 29.410812 | O18: 30.79397 | P18: 27.133591
A19: 18 | B19: 19.929262 | C19: 20.062882 | D19: 22.498334 | E19: 18 | F19: 24.756201 | G19: 27.561402 | H19: 29.007396 | I19: 18 | J19: 23.473224 | K19: 23.928279 | L19: 25.808307 | M19: 18 | N19: 30.844219 | O19: 31.291974 | P19: 27.702399
A20: 19 | B20: 21.703414 | C20: 20.476819 | D20: 23.009717 | E20: 19 | F20: 26.774411 | G20: 29.470306 | H20: 29.600418 | I20: 19 | J20: 23.996761 | K20: 23.986161 | L20: 26.62389 | M20: 19 | N20: 30.074427 | O20: 31.689308 | P20: 26.271919
A21: 20 | B21: 22.428099 | C21: 21.787203 | D21: 24.021489 | E21: 20 | F21: 27.330114 | G21: 29.913809 | H21: 28.404958 | I21: 20 | J21: 23.989846 | K21: 23.17563 | L21: 25.746241 | M21: 20 | N21: 29.111324 | O21: 32.153238 | P21: 27.225886
A22: 21 | B22: 23.204726 | C22: 22.111681 | D22: 23.118242 | E22: 21 | F22: 29.538998 | G22: 30.414798 | H22: 28.537187 | I22: 21 | J22: 23.025053 | K22: 21.783637 | L22: 24.963163 | M22: 21 | N22: 30.687006 | O22: 32.538905 | P22: 27.387141
A23: 22 | B23: 23.107486 | C23: 22.902047 | D23: 23.263012 | E23: 22 | F23: 29.801068 | G23: 29.631903 | H23: 28.04712 | I23: 22 | J23: 23.274314 | K23: 23.158594 | L23: 24.690361 | M23: 22 | N23: 31.948302 | O23: 32.487804 | P23: 28.812346
A24: 23 | B24: 22.393452 | C24: 23.145281 | D24: 23.248142 | E24: 23 | F24: 31.132457 | G24: 31.039502 | H24: 28.571848 | I24: 23 | J24: 23.112433 | K24: 24.24724 | L24: 24.04324 | M24: 23 | N24: 32.306743 | O24: 32.987051 | P24: 29.965575
A25: 24 | B25: 21.365845 | C25: 22.942925 | D25: 21.918609 | E25: 24 | F25: 30.584866 | G25: 28.018252 | H25: 30.03741 | I25: 24 | J25: 22.303906 | K25: 24.983171 | L25: 24.253299 | M25: 24 | N25: 31.144863 | O25: 32.744997 | P25: 34.4115
A26: 25 | B26: 21.533844 | C26: 22.025765 | D26: 21.238434 | E26: 25 | F26: 28.403008 | G26: 29.161095 | H26: 28.237706 | I26: 25 | J26: 22.761575 | K26: 24.650744 | L26: 26.734111 | M26: 25 | N26: 29.156369 | O26: 33.285619 | P26: 32.280665

Sheet Standardized - Instrumented
A1: Year | B1: Cell # | C1: WAS51 | D1: WAS50 | E1: WAS42 | F1: WAS01 | G1: WAS48 | H1: WAS27 | I1: WAS03 | J1: WAS21 | K1: WAS49 | N1: Tree | O1: 2018 | P1: 2019 | Q1: 2020 | R1: Avg
A2: 2020 | B2: 1 | C2: 4.890717 | D2: 0.78457143 | E2: 3.0588974 | F2: 1.5093333 | G2: 2.5411582 | H2: 0.755 | I2: 1.3910588 | J2: 1.509 | K2: 3.112 | N2: WAS27 | O2: =AVERAGEIF($A$2:$A$76, "2018",$H$2:$H$76) -> 14.488029 | P2: =AVERAGEIF($A$2:$A$76, "2019",$H$2:$H$76) -> 15.214257 | Q2: =AVERAGEIF($A$2:$A$76, "2020",$H$2:$H$76) -> 11.12155 | R2: =AVERAGE(O2:Q2) -> 13.607945
A3: 2020 | B3: 2 | C3: 5.8120295 | D3: 1.308 | E3: 4.0945385 | F3: 1.5093333 | G3: 5.9737627 | H3: 0.755 | I3: 1.5259608 | J3: 2.07525 | K3: 3.848 | N3: WAS03 | O3: =AVERAGEIF($A$2:$A$76, O$1,$I$2:$I$76) -> 11.56881 | P3: =AVERAGEIF($A$2:$A$76, P1,$I$2:$I$76) -> 10.575836 | Q3: =AVERAGEIF($A$2:$A$76, Q1,$I$2:$I$76) -> 13.300863 | R3: =AVERAGE(O3:Q3) -> 11.815169
A4: 2020 | B4: 3 | C4: 8.265936 | D4: 2.6279524 | E4: 4.6183942 | F4: 1.5092917 | G4: 9.810452 | H4: 0.755 | I4: 2.4243922 | J4: 3.20775 | K4: 2.264 | N4: WAS21 | O4: =AVERAGEIF($A$2:$A$76, O$1,$J$2:$J$76) -> 18.3975 | P4: =AVERAGEIF($A$2:$A$76, P$1,$J$2:$J$76) -> 18.538097 | Q4: =AVERAGEIF($A$2:$A$76, Q$1,$J$2:$J$76) -> 18.58965 | R4: =AVERAGE(O4:Q4) -> 18.508416
A5: 2020 | B5: 4 | C5: 9.605178 | D5: 3.9240476 | E5: 5.2719808 | F5: 1.50925 | G5: 10.566559 | H5: 1.2531071 | I5: 2.3380196 | J5: 4.6000833 | K5: 4.16975 | N5: WAS49 | O5: =AVERAGEIF($A$2:$A$76, O$1,$K$2:$K$76) -> 20.37737 | P5: =AVERAGEIF($A$2:$A$76, P$1,$K$2:$K$76) -> 20.470963 | Q5: =AVERAGEIF($A$2:$A$76, Q$1,$K$2:$K$76) -> 17.37445 | R5: =AVERAGE(O5:Q5) -> 19.407594
A6: 2020 | B6: 5 | C6: 11.185418 | D6: 5.326381 | E6: 6.6783365 | F6: 1.50925 | G6: 10.648181 | H6: 1.91725 | I6: 3.2035098 | J6: 5.29625 | K6: 4.15125 | N6: WAS50 | O6: =AVERAGEIF($A$2:$A$76, O$1,$D$2:$D$76) -> 17.825833 | P6: =AVERAGEIF($A$2:$A$76, P$1,$D$2:$D$76) -> 16.813623 | Q6: =AVERAGEIF($A$2:$A$76, Q$1,$D$2:$D$76) -> 17.593024 | R6: =AVERAGE(O6:Q6) -> 17.410827
A7: 2020 | B7: 6 | C7: 12.436384 | D7: 6.1096905 | E7: 9.4154615 | F7: 3.0635 | G7: 15.47061 | H7: 1.91725 | I7: 5.6407059 | J7: 10.18875 | K7: 5.10475 | N7: WAS51 | O7: =AVERAGEIF($A$2:$A$76, O$1,$C$2:$C$76) -> 15.521469 | P7: =AVERAGEIF($A$2:$A$76, P$1,$C$2:$C$76) -> 14.580525 | Q7: =AVERAGEIF($A$2:$A$76, Q$1,$C$2:$C$76) -> 16.83736 | R7: =AVERAGE(O7:Q7) -> 15.646451
A8: 2020 | B8: 7 | C8: 13.018264 | D8: 7.2430833 | E8: 11.559808 | F8: 3.0635 | G8: 18.770412 | H8: 1.91725 | I8: 8.4564216 | J8: 12.138417 | K8: 6.415 | N8: WAS42 | O8: =AVERAGEIF($A$2:$A$76, O$1,$E$2:$E$76) -> 14.272132 | P8: =AVERAGEIF($A$2:$A$76, P$1,$E$2:$E$76) -> 19.230213 | Q8: =AVERAGEIF($A$2:$A$76, Q$1,$E$2:$E$76) -> 18.556462 | R8: =AVERAGE(O8:Q8) -> 17.352935
A9: 2020 | B9: 8 | C9: 13.258166 | D9: 7.9901429 | E9: 13.809154 | F9: 7.386375 | G9: 22.614237 | H9: 4.2973214 | I9: 11.769333 | J9: 16.03775 | K9: 6.80425 | N9: WAS48 | O9: =AVERAGEIF($A$2:$A$76, O$1,$G$2:$G$76) -> 26.68163 | P9: =AVERAGEIF($A$2:$A$76, P$1,$G$2:$G$76) -> 26.164724 | Q9: =AVERAGEIF($A$2:$A$76, Q$1,$G$2:$G$76) -> 23.610458 | R9: =AVERAGE(O9:Q9) -> 25.485604
A10: 2020 | B10: 9 | C10: 13.896308 | D10: 10.249357 | E10: 14.418471 | F10: 11.70925 | G10: 26.242407 | H10: 4.694 | I10: 11.487392 | J10: 19.061583 | K10: 8.13
A11: 2020 | B11: 10 | C11: 14.950681 | D11: 14.674036 | E11: 17.851962 | F11: 11.70925 | G11: 27.788294 | H11: 4.694 | I11: 13.359529 | J11: 20.5735 | K11: 12.086
A12: 2020 | B12: 11 | C12: 14.789158 | D12: 21.183381 | E12: 18.624298 | F12: 16.63925 | G12: 28.228073 | H12: 6.6304571 | I12: 14.273059 | J12: 21.70775 | K12: 12.482
A13: 2020 | B13: 12 | C13: 16.552912 | D13: 22.732036 | E13: 18.353635 | F13: 16.63925 | G13: 24.821412 | H13: 11.4716 | I13: 14.192343 | J13: 21.401417 | K13: 18.13225
A14: 2020 | B14: 13 | C14: 16.74234 | D14: 22.0385 | E14: 20.296125 | F14: 17.96725 | G14: 25.105073 | H14: 11.4716 | I14: 15.6785 | J14: 20.78875 | K14: 22.4755
A15: 2020 | B15: 14 | C15: 19.528886 | D15: 22.110774 | E15: 21.224558 | F15: 19.29525 | G15: 29.53939 | H15: 11.4716 | I15: 15.299804 | J15: 21.92875 | K15: 24.18125
A16: 2020 | B16: 15 | C16: 20.974399 | D16: 20.534952 | E16: 20.553596 | F16: 19.29525 | G16: 28.075147 | H16: 15.237314 | I16: 18.62051 | J16: 22.49875 | K16: 24.8475
A17: 2020 | B17: 16 | C17: 25.290697 | D17: 21.190429 | E17: 20.494712 | F17: 19.64475 | G17: 30.374407 | H17: 16.7436 | I17: 19.856539 | J17: 27.024 | K17: 27.61725
A18: 2020 | B18: 17 | C18: 25.597099 | D18: 25.74206 | E18: 21.194481 | F18: 19.64475 | G18: 28.626192 | H18: 16.7436 | I18: 20.655549 | J18: 28.216833 | K18: 31.94525
A19: 2020 | B19: 18 | C19: 24.782733 | D19: 26.667571 | E19: 26.811865 | F19: 20.42775 | G19: 29.88626 | H19: 17.3844 | I19: 18.527078 | J19: 30.6025 | K19: 28.36075
A20: 2020 | B20: 19 | C20: 23.618822 | D20: 25.869083 | E20: 27.879433 | F20: 21.21075 | G20: 30.745141 | H20: 21.2292 | I20: 18.620039 | J20: 27.938167 | K20: 30.02
A21: 2020 | B21: 20 | C21: 21.396981 | D21: 26.218238 | E21: 29.416385 | F21: 21.21075 | G21: 29.204695 | H21: 21.2292 | I21: 22.294814 | J21: 26.606 | K21: 25.2905
... A76: 2018 | B76: 25 | C76: 13.028679 | D76: 27.266 | E76: 21.887 | F76: 17.900667 | G76: 29.58 | H76: 19.9026 | I76: 15.185921 | J76: 28.9055 | K76: 32.873684

Sheet BOXPLOT

Sheet Average CW
A1: Tree | B1: Ring | C1: Average Cell Width | D1: SD | E1: Ring Width | F1: Species | G1: Group | H1: Year | I1: Number of Rings | J1: Category | K1: Max | L1: Min | M1: SWL | N1: Agr
A2: Under42 | B2: 1 | C2: =AVERAGE(Sheet1!$M325:$M386) -> 12.274506 | D2: =STDEV(Sheet1!M325:M386) -> 4.9615523 | E2: =Sheet1!F325 -> 1376.001 | F2: DF | G2: DF-Cliff | H2: 2022 | I2: 62 | J2: 1 | K2: =MAX(Sheet1!$M$325:$M$386) -> 22.019 | L2: =MIN(Sheet1!$M$325:$M$386) -> 3.6155 | M2: 1 | N2: 70
A3: Under42 | B3: 2 | C3: =AVERAGE(Sheet1!$M$387:$M$416) -> 10.875368 | D3: =STDEV(Sheet1!$M$387:$M$416) -> 5.3277708 | E3: =Sheet1!F387 -> 602.096 | F3: DF | G3: DF-Cliff | H3: 2021 | I3: 30 | J3: 1 | K3: =MAX(Sheet1!$M$387:$M$416) -> 20.7356 | L3: =MIN(Sheet1!$M$387:$M$416) -> 3.24525
A4: Under42 | B4: 3 | C4: =AVERAGE(Sheet1!$M417:$M461) -> 15.017814 | D4: =STDEV(Sheet1!M417:M461) -> 7.0770658 | E4: =Sheet1!F417 -> 610.678 | F4: DF | G4: DF-Cliff | H4: 2020 | I4: 26 | J4: 1 | K4: =MAX(Sheet1!$M$417:$M$442) -> 25.2568 | L4: =MIN(Sheet1!$M$417:$M$442) -> 3.202
A5: Under42 | B5: 4 | C5: =AVERAGE(Sheet1!$M443:$M461) -> 15.066495 | D5: =STDEV(Sheet1!M443:M461) -> 6.2202979 | E5: =Sheet1!F443 -> 431.778 | F5: DF | G5: DF-Cliff | H5: 2019 | I5: 19 | J5: 1 | K5: =MAX(Sheet1!$M$443:$M$461) -> 23.0992 | L5: =MIN(Sheet1!$M$443:$M$461) -> 3.4764
A6: Under42 | B6: 5 | C6: =AVERAGE(Sheet1!$M462:$M480) -> 12.413556 | D6: =STDEV(Sheet1!M462:M480) -> 7.0551877 | E6: =Sheet1!F462 -> 362.425 | F6: DF | G6: DF-Cliff | H6: 2018 | I6: 19 | J6: 1 | K6: =MAX(Sheet1!$M$462:$M$480) -> 21.4544 | L6: =MIN(Sheet1!$M$462:$M$480) -> 2.8813333
A7: WAS27 | B7: 1 | C7: =AVERAGE(Sheet1!$M1979:$M1990) -> 12.649196 | D7: =STDEV(Sheet1!M1979:M1990) -> 8.6034348 | E7: =Sheet1!F1979 -> 245.18 | F7: DF | G7: DF-Cliff | H7: 2022 | I7: 12 | J7: 1 | K7: =MAX(Sheet1!$M$1979:$M$1990) -> 24.56625 | L7: =MIN(Sheet1!$M$1979:$M$1990) -> 1.27 | M7: 1 | N7: 109
A8: WAS27 | B8: 2 | C8: =AVERAGE(Sheet1!M1991:M1997) -> 11.900514 | D8: =STDEV(Sheet1!M1991:M1997) -> 9.0509889 | E8: =Sheet1!F1991 -> 145.48 | F8: DF | G8: DF-Cliff | H8: 2021 | I8: 7 | J8: 1 | K8: =MAX(Sheet1!$M$1991:$M$1997) -> 24.7878 | L8: =MIN(Sheet1!$M$1991:$M$1997) -> 1.698
A9: WAS27 | B9: 3 | C9: =AVERAGE(Sheet1!M1998:M2004) -> 11.12155 | D9: =STDEV(Sheet1!M1998:M2004) -> 8.810714 | E9: =Sheet1!F1998 -> 131.297 | F9: DF | G9: DF-Cliff | H9: 2020 | I9: 7 | J9: 1 | K9: =MAX(Sheet1!$M$1998:$M$2004) -> 21.2292 | L9: =MIN(Sheet1!$M$1998:$M$2004) -> 0.755
A10: WAS27 | B10: 4 | C10: =AVERAGE(Sheet1!M2005:M2011) -> 15.214257 | D10: =STDEV(Sheet1!M2005:M2011) -> 9.8187617 | E10: =Sheet1!F2005 -> 113.564 | F10: DF | G10: DF-Cliff | H10: 2019 | I10: 7 | J10: 1 | K10: =MAX(Sheet1!$M$2005:$M$2011) -> 24.2126 | L10: =MIN(Sheet1!$M$2005:$M$2011) -> 2.387
A11: WAS27 | B11: 5 | C11: =AVERAGE(Sheet1!M2012:M2018) -> 14.488029 | D11: =STDEV(Sheet1!M2012:M2018) -> 8.8871821 | E11: =Sheet1!F2012 -> 137.236 | F11: DF | G11: DF-Cliff | H11: 2018 | I11: 7 | J11: 1 | K11: =MAX(Sheet1!$M$2012:$M$2018) -> 24.432 | L11: =MIN(Sheet1!$M$2012:$M$2018) -> 2.264
A12: WAS27 | B12: 6 | C12: =AVERAGE(Sheet1!M2019:M2024) -> 13.374433 | D12: =STDEV(Sheet1!M2019:M2024) -> 9.2344927 | E12: =Sheet1!F2019 -> 126.849 | F12: DF | G12: DF-Cliff | H12: 2017 | I12: 6 | J12: 1 | K12: =MAX(Sheet1!$M$2019:$M$2024) -> 22.7806 | L12: =MIN(Sheet1!$M$2019:$M$2024) -> 3.105
A13: WAS03 | B13: 1 | C13: =AVERAGE(Sheet1!M2096:M2117) -> 11.070879 | D13: =STDEV(Sheet1!M2096:M2117) -> 6.5936219 | E13: =Sheet1!F2096 -> 420.705 | F13: DF | G13: DF-Cliff | H13: 2022 | I13: 22 | J13: 1 | K13: =MAX(Sheet1!$M$2096:$M$2117) -> 20.669333 | L13: =MIN(Sheet1!$M$2096:$M$2117) -> 1.299 | M13: 1.5 | N13: 214
A14: WAS03 | B14: 2 | C14: =AVERAGE(Sheet1!M2118:M2136) -> 8.6285439 | D14: =STDEV(Sheet1!M2118:M2136) -> 4.8491371 | E14: =Sheet1!F2118 -> 367.554 | F14: DF | G14: DF-Cliff | H14: 2021 | I14: 19 | J14: 1 | K14: =MAX(Sheet1!$M$2118:$M$2136) -> 19.882667 | L14: =MIN(Sheet1!$M$2118:$M$2136) -> 1.509
A15: WAS03 | B15: 3 | C15: =AVERAGE(Sheet1!M2137:M2170) -> 13.300863 | D15: =STDEV(Sheet1!M2137:M2170) -> 6.884056 | E15: =Sheet1!F2137 -> 726.634 | F15: DF | G15: DF-Cliff | H15: 2020 | I15: 34 | J15: 1 | K15: =MAX(Sheet1!$M$2137:$M$2170) -> 23.214667 | L15: =MIN(Sheet1!$M$2137:$M$2170) -> 1.258
A16: WAS03 | B16: 4 | C16: =AVERAGE(Sheet1!M2171:M2244) -> 10.575836 | D16: =STDEV(Sheet1!M2171:M2244) -> 4.5284319 | E16: =Sheet1!F2171 -> 1603.147 | F16: DF | G16: DF-Cliff | H16: 2019 | I16: 74 | J16: 1 | K16: =MAX(Sheet1!$M$2171:$M$2244) -> 21.538333 | L16: =MIN(Sheet1!$M$2171:$M$2244) -> 2.0123333
A17: WAS03 | B17: 5 | C17: =AVERAGE(Sheet1!M2245:M2328) -> 11.56881 | D17: =STDEV(Sheet1!M2245:M2328) -> 4.3556256 | E17: =Sheet1!F2245 -> 1768.016 | F17: DF | G17: DF-Cliff | H17: 2018 | I17: 84 | J17: 1 | K17: =MAX(Sheet1!$M$2245:$M$2328) -> 18.498 | L17: =MIN(Sheet1!$M$2245:$M$2328) -> 2.305
A18: WAS21 | B18: 1 | C18: =AVERAGE(Sheet1!M2025:M2046) -> 15.527269 | D18: =STDEV(Sheet1!M2025:M2046) -> 10.384145 | E18: =Sheet1!F2025 -> 535.179 | F18: DF | G18: DF-Cliff | H18: 2022 | I18: 22 | J18: 1 | K18: =MAX(Sheet1!$M$2025:$M$2046) -> 33.14025 | L18: =MIN(Sheet1!$M$2025:$M$2046) -> 2.0533333 | M18: 2.1 | N18: 87
A19: WAS21 | B19: 2 | C19: =AVERAGE(Sheet1!M2047:M2054) -> 16.641427 | D19: =STDEV(Sheet1!M2047:M2054) -> 10.976868 | E19: =Sheet1!F2047 -> 191.793 | F19: DF | G19: DF-Cliff | H19: 2021 | I19: 8 | J19: 1 | K19: =MAX(Sheet1!$M$2047:$M$2054) -> 32.08725 | L19: =MIN(Sheet1!$M$2047:$M$2054) -> 2.0436667
A20: WAS21 | B20: 3 | C20: =AVERAGE(Sheet1!M2055:M2069) -> 18.58965 | D20: =STDEV(Sheet1!M2055:M2069) -> 9.2957454 | E20: =Sheet1!F2055 -> 399.727 | F20: DF | G20: DF-Cliff | H20: 2020 | I20: 15 | J20: 1 | K20: =MAX(Sheet1!$M$2055:$M$2069) -> 30.6025 | L20: =MIN(Sheet1!$M$2055:$M$2069) -> 1.509
A21: WAS21 | B21: 4 | C21: =AVERAGE(Sheet1!M2070:M2081) -> 18.538097 | D21: =STDEV(Sheet1!M2070:M2081) -> 11.498691 | E21: =Sheet1!F2070 -> 324.199 | F21: DF | G21: DF-Cliff | H21: 2019 | I21: 12 | J21: 1 | K21: =MAX(Sheet1!$M$2070:$M$2081) -> 30.76125 | L21: =MIN(Sheet1!$M$2070:$M$2081) -> 1.066
A22: WAS21 | B22: 5 | C22: =AVERAGE(Sheet1!M2082:M2095) -> 18.3975 | D22: =STDEV(Sheet1!M2082:M2095) -> 11.114815 | E22: =Sheet1!F2082 -> 387.229 | F22: DF | G22: DF-Cliff | H22: 2018 | I22: 14 | J22: 1 | K22: =MAX(Sheet1!$M$2082:$M$2095) -> 31.33075 | L22: =MIN(Sheet1!$M$2082:$M$2095) -> 1.36525
A23: WAS36 | B23: 1 | C23: =AVERAGE(Sheet1!M2329:M2372) -> 15.460992 | D23: =STDEV(Sheet1!M2329:M2372) -> 8.7100957 | E23: =Sheet1!F2329 -> 1209.663 | F23: DF | G23: DF-Cliff | H23: 2022 | I23: 44 | J23: 1 | K23: =MAX(Sheet1!$M$2329:$M$2372) -> 28.360333 | L23: =MIN(Sheet1!$M$2329:$M$2372) -> 3.05 | M23: 2.6 | N23: ?
A24: WAS36 | B24: 2 | C24: =AVERAGE(Sheet1!M2373:M2416) -> 13.496644 | D24: =STDEV(Sheet1!M2373:M2416) -> 6.7195139 | E24: =Sheet1!F2373 -> 1101.854 | F24: DF | G24: DF-Cliff | H24: 2021 | I24: 44 | J24: 1 | K24: =MAX(Sheet1!$M$2373:$M$2416) -> 22.430667 | L24: =MIN(Sheet1!$M$2373:$M$2416) -> 3.019
A25: WAS36 | B25: 3 | C25: =AVERAGE(Sheet1!M2417:M2485) -> 17.287225 | D25: =STDEV(Sheet1!M2417:M2485) -> 8.4984606 | E25: =Sheet1!F2417 -> 1905.399 | F25: DF | G25: DF-Cliff | H25: 2020 | I25: 69 | J25: 1 | K25: =MAX(Sheet1!$M$2417:$M$2485) -> 33.746 | L25: =MIN(Sheet1!$M$2417:$M$2485) -> 2.0123333
A26: WAS36 | B26: 4 | C26: =AVERAGE(Sheet1!M2486:M2544) -> 14.417929 | D26: =STDEV(Sheet1!M2486:M2544) -> 8.1183657 | E26: =Sheet1!F2486 -> 1644.91 | F26: DF | G26: DF-Cliff | H26: 2019 | I26: 59 | J26: 1 | K26: =MAX(Sheet1!$M$2486:$M$2544) -> 28.720667 | L26: =MIN(Sheet1!$M$2486:$M$2544) -> 2.6415
A27: WAS36 | B27: 5 | C27: =AVERAGE(Sheet1!M2545:M2609) -> 14.731328 | D27: =STDEV(Sheet1!M2545:M2609) -> 8.5115434 | E27: =Sheet1!F2545 -> 1629.597 | F27: DF | G27: DF-Cliff | H27: 2018 | I27: 65 | J27: 1 | K27: =MAX(Sheet1!$M$2545:$M$2609) -> 27.731 | L27: =MIN(Sheet1!$M$2545:$M$2609) -> 1.8016667
A28: WAS49 | B28: 1 | C28: =AVERAGE(Sheet1!M867:M912) -> 19.969505 | D28: =STDEV(Sheet1!M867:M912) -> 10.627503 | E28: =Sheet1!F867 -> 1323.574 | F28: DF | G28: DF-Soil | H28: 2022 | I28: 46 | J28: 2 | K28: =MAX(Sheet1!$M$867:$M$912) -> 33.0615 | L28: =MIN(Sheet1!$M$867:$M$912) -> 2.67225 | M28: 4.4 | N28: 57
A29: WAS49 | B29: 2 | C29: =AVERAGE(Sheet1!M913:M944) -> 17.682638 | D29: =STDEV(Sheet1!M913:M944) -> 10.014353 | E29: =Sheet1!F913 -> 796.276 | F29: DF | G29: DF-Soil | H29: 2021 | I29: 32 | J29: 2 | K29: =MAX(Sheet1!$M$913:$M$944) -> 30.267 | L29: =MIN(Sheet1!$M$913:$M$944) -> 1.8203333
A30: WAS49 | B30: 3 | C30: =AVERAGE(Sheet1!M945:M969) -> 17.37445 | D30: =STDEV(Sheet1!M945:M969) -> 10.712472 | E30: =Sheet1!F945 -> 638.173 | F30: DF | G30: DF-Soil | H30: 2020 | I30: 25 | J30: 2 | K30: =MAX(Sheet1!$M$945:$M$969) -> 31.94525 | L30: =MIN(Sheet1!$M$945:$M$969) -> 2.264
A31: WAS49 | B31: 4 | C31: =AVERAGE(Sheet1!M970:M1026) -> 20.470963 | D31: =STDEV(Sheet1!M970:M1026) -> 10.74954 | E31: =Sheet1!F970 -> 1538.623 | F31: DF | G31: DF-Soil | H31: 2019 | I31: 57 | J31: 2 | K31: =MAX(Sheet1!$M$970:$M$1026) -> 38.19275 | L31: =MIN(Sheet1!$M$970:$M$1026) -> 1.132
A32: WAS49 | B32: 5 | C32: =AVERAGE(Sheet1!M1027:M1083) -> 20.37737 | D32: =STDEV(Sheet1!M1027:M1083) -> 12.436045 | E32: =Sheet1!F1027 -> 1627.582 | F32: DF | G32: DF-Soil | H32: 2018 | I32: 57 | J32: 2 | K32: =MAX(Sheet1!$M$1027:$M$1083) -> 35.78475 | L32: =MIN(Sheet1!$M$1027:$M$1083) -> 1.509
A33: GT-1 | B33: 1 | C33: =AVERAGE(Sheet1!M1084:M1109) -> 17.211276 | D33: =STDEV(Sheet1!M1084:M1109) -> 9.3910904 | E33: =Sheet1!F1084 -> 829.447 | F33: DF | G33: DF-Soil | H33: 2020 | I33: 26 | J33: 2 | K33: =MAX(Sheet1!$M$1084:$M$1109) -> 30.003 | L33: =MIN(Sheet1!$M$1084:$M$1109) -> 3.4335 | M33: ? | N33: ?
A34: GT-1 | B34: 2 | C34: =AVERAGE(Sheet1!M1110:M1142) -> 17.243389 | D34: =STDEV(Sheet1!M1110:M1142) -> 7.745381 | E34: =Sheet1!F1110 -> 629.78 | F34: DF | G34: DF-Soil | H34: 2019 | I34: 32 | J34: 2 | K34: =MAX(Sheet1!$M$1110:$M$1142) -> 27.082667 | L34: =MIN(Sheet1!$M$1110:$M$1142) -> 2.0126667
A35: GT-1 | B35: 3 | C35: =AVERAGE(Sheet1!M1143:M1166) -> 16.757326 | D35: =STDEV(Sheet1!M1143:M1166) -> 9.0738562 | E35: =Sheet1!F1143 -> 639.045 | F35: DF | G35: DF-Soil | H35: 2018 | I35: 24 | J35: 2 | K35: =MAX(Sheet1!$M$1143:$M$1166) -> 28.098667 | L35: =MIN(Sheet1!$M$1143:$M$1166) -> 3.1395
A36: GT-1 | B36: 4 | C36: =AVERAGE(Sheet1!$M1167:$M1195) -> 14.756109 | D36: =STDEV(Sheet1!$M1167:$M1195) -> 8.3993394 | E36: =Sheet1!F1167 -> 420.935 | F36: DF | G36: DF-Soil | H36: 2017 | I36: 29 | J36: 2 | K36: =MAX(Sheet1!$M$1167:$M$1195) -> 32.321333 | L36: =MIN(Sheet1!$M$1167:$M$1195) -> 3.019
A37: GT-1 | B37: 5 | C37: =AVERAGE(Sheet1!$M1196:$M1213) -> 13.983009 | D37: =STDEV(Sheet1!$M1196:$M1213) -> 7.8470613 | E37: =Sheet1!F1196 -> 452.085 | F37: DF | G37: DF-Soil | H37: 2016 | I37: 18 | J37: 2 | K37: =MAX(Sheet1!$M$1196:$M$1213) -> 25.011333 | L37: =MIN(Sheet1!$M$1196:$M$1213) -> 3.2703333
A38: WAS61 | B38: 1 | C38: =AVERAGE(Sheet1!$M3884:$M3952) -> 17.280457 | D38: =STDEV(Sheet1!$M3884:$M3952) -> 9.5834022 | E38: =Sheet1!F3884 -> 1849.748 | F38: DF | G38: DF-Soil | H38: 2021 | I38: 69 | J38: 2 | K38: =MAX(Sheet1!$M$3884:$M$3952) -> 31.7465 | L38: =MIN(Sheet1!$M$3884:$M$3952) -> 1.509 | M38: ? | N38: ?
A39: WAS61 | B39: 2 | C39: =AVERAGE(Sheet1!$M3953:$M4040) -> 19.095077 | D39: =STDEV(Sheet1!$M3953:$M4040) -> 9.9329619 | E39: =Sheet1!F3953 -> 2565.377 | F39: DF | G39: DF-Soil | H39: 2020 | I39: 88 | J39: 2 | K39: =MAX(Sheet1!$M$3953:$M$4040) -> 36.508 | L39: =MIN(Sheet1!$M$3953:$M$4040) -> 0.755
A40: WAS61 | B40: 3 | C40: =AVERAGE(Sheet1!$M4041:$M4124) -> 17.729214 | D40: =STDEV(Sheet1!$M4041:$M4124) -> 8.7688025 | E40: =Sheet1!F4041 -> 2419.83 | F40: DF | G40: DF-Soil | H40: 2019 | I40: 84 | J40: 2 | K40: =MAX(Sheet1!$M$4041:$M$4124) -> 30.6835 | L40: =MIN(Sheet1!$M$4041:$M$4124) -> 3.4275
A41: WAS61 | B41: 4 | C41: =AVERAGE(Sheet1!$M4125:$M4191) -> 14.991075 | D41: =STDEV(Sheet1!$M4125:$M4191) -> 10.976248 | E41: =Sheet1!F4125 -> 1788.031 | F41: DF | G41: DF-Soil | H41: 2018 | I41: 67 | J41: 2 | K41: =MAX(Sheet1!$M$4125:$M$4191) -> 37.812 | L41: =MIN(Sheet1!$M$4125:$M$4191) -> 1.5985
A42: WAS61 | B42: 5 | C42: =AVERAGE(Sheet1!$M4192:$M4240) -> 21.860133 | D42: =STDEV(Sheet1!$M4192:$M4240) -> 10.188186 | E42: =Sheet1!F4192 -> 1439.465 | F42: DF | G42: DF-Soil | H42: 2017 | I42: 49 | J42: 2 | K42: =MAX(Sheet1!$M$4192:$M$4240) -> 34.3605 | L42: =MIN(Sheet1!$M$4192:$M$4240) -> 1.509
A43: GT-3 | B43: 1 | C43: =AVERAGE(Sheet1!$M1214:$M1246) -> 23.764136 | D43: =STDEV(Sheet1!$M1214:$M1246) -> 13.426803 | E43: =Sheet1!F1214 -> 1100.974 | F43: DF | G43: DF-Soil | H43: 2021 | I43: 33 | J43: 2 | K43: =MAX(Sheet1!$M$1214:$M$1246) -> 42.308667 | L43: =MIN(Sheet1!$M$1214:$M$1246) -> 3.019 | M43: ? | N43: ?
A44: GT-3 | B44: 2 | C44: =AVERAGE(Sheet1!$M1247:$M1289) -> 23.061469 | D44: =STDEV(Sheet1!$M1247:$M1289) -> 12.078368 | E44: =Sheet1!F1247 -> 1445.727 | F44: DF | G44: DF-Soil | H44: 2020 | I44: 43 | J44: 2 | K44: =MAX(Sheet1!$M$1247:$M$1289) -> 40.030667 | L44: =MIN(Sheet1!$M$1247:$M$1289) -> 1.509
A45: GT-3 | B45: 3 | C45: =AVERAGE(Sheet1!$M1290:$M1325) -> 27.155477 | D45: =STDEV(Sheet1!$M1290:$M1325) -> 10.604617 | E45: =Sheet1!F1290 -> 1309.314 | F45: DF | G45: DF-Soil | H45: 2019 | I45: 36 | J45: 2 | K45: =MAX(Sheet1!$M$1290:$M$1325) -> 39.15 | L45: =MIN(Sheet1!$M$1290:$M$1325) -> 6.0376667
A46: GT-3 | B46: 4 | C46: =AVERAGE(Sheet1!$M1326:$M1365) -> 24.435987 | D46: =STDEV(Sheet1!$M1326:$M1365) -> 10.61986 | E46: =Sheet1!F1326 -> 1274.031 | F46: DF | G46: DF-Soil | H46: 2018 | I46: 40 | J46: 2 | K46: =MAX(Sheet1!$M$1326:$M$1365) -> 40.285333 | L46: =MIN(Sheet1!$M$1326:$M$1365) -> 2.264
A47: GT-3 | B47: 5 | C47: =AVERAGE(Sheet1!$M1366:$M1396) -> 24.165247 | D47: =STDEV(Sheet1!$M1366:$M1396) -> 10.598889 | E47: =Sheet1!F1366 -> 1064.767 | F47: DF | G47: DF-Soil | H47: 2017 | I47: 31 | J47: 2 | K47: =MAX(Sheet1!$M$1366:$M$1396) -> 37.248 | L47: =MIN(Sheet1!$M$1366:$M$1396) -> 3.396
A48: GT-4 | B48: 1 | C48: =AVERAGE(Sheet1!$M2752:$M2850) -> 19.122547 | D48: =STDEV(Sheet1!$M2752:$M2850) -> 11.711656 | E48: =Sheet1!F2752 -> 2967.5532 | F48: DF | G48: DF-Soil | H48: 2020 | I48: 106 | J48: 2 | K48: =MAX(Sheet1!$M$2752:$M$2857) -> 40.017557 | L48: =MIN(Sheet1!$M$2752:$M$2857) -> 1.132 | M48: ? | N48: ?
A49: GT-4 | B49: 2 | C49: =AVERAGE(Sheet1!$M2858:$M2988) -> 20.005875 | D49: =STDEV(Sheet1!$M2858:$M2988) -> 10.078924 | E49: =Sheet1!F2858 -> 3872.019 | F49: DF | G49: DF-Soil | H49: 2019 | I49: 131 | J49: 2 | K49: =MAX(Sheet1!$M$2858:$M$2988) -> 39.519667 | L49: =MIN(Sheet1!$M$2858:$M$2988) -> 3.7733333
A50: GT-4 | B50: 3 | C50: =AVERAGE(Sheet1!$M2989:$M3088) -> 13.54128 | D50: =STDEV(Sheet1!$M2989:$M3088) -> 8.8310435 | E50: =Sheet1!F2989 -> 2620.428 | F50: DF | G50: DF-Soil | H50: 2018 | I50: 100 | J50: 2 | K50: =MAX(Sheet1!$M$2989:$M$3088) -> 36.6665 | L50: =MIN(Sheet1!$M$2989:$M$3088) -> 4.9325
A51: AboveP1 | B51: 1 | C51: =AVERAGE(Sheet1!$Q3:$Q44) -> 15.347377 | D51: =STDEV(Sheet1!$Q3:$Q44) -> 6.6433042 | E51: =Sheet1!V3 -> 912.41811 | F51: ES | G51: ES-Cliff | H51: 2022 | I51: 42 | J51: 3 | K51: =MAX(Sheet1!$Q$3:$Q$44) -> 25.720604 | L51: =MIN(Sheet1!$Q$3:$Q$44) -> 3.2433208 | M51: 2.2 | N51: 53
A52: AboveP1 | B52: 2 | C52: =AVERAGE(Sheet1!$Q45:$Q85) -> 16.358922 | D52: =STDEV(Sheet1!$Q45:$Q85) -> 6.3094198 | E52: =Sheet1!V4 -> 912.96679 | F52: ES | G52: ES-Cliff | H52: 2021 | I52: 41 | J52: 3 | K52: =MAX(Sheet1!$Q$45:$Q$85) -> 27.442264 | L52: =MIN(Sheet1!$Q$45:$Q$85) -> 3.7699623
A53: AboveP1 | B53: 3 | C53: =AVERAGE(Sheet1!$Q86:$Q111) -> 14.374112 | D53: =STDEV(Sheet1!$Q86:$Q111) -> 5.9377308 | E53: =Sheet1!V5 -> 575.53811 | F53: ES | G53: ES-Cliff | H53: 2020 | I53: 26 | J53: 3 | K53: =MAX(Sheet1!$Q$86:$Q$111) -> 23.498566 | L53: =MIN(Sheet1!$Q$86:$Q$111) -> 3.5213585
A54: AboveP1 | B54: 4 | C54: =AVERAGE(Sheet1!$Q112:$Q147) -> 13.27749 | D54: =STDEV(Sheet1!$Q112:$Q147) -> 5.2471106 | E54: =Sheet1!V6 -> 723.35019 | F54: ES | G54: ES-Cliff | H54: 2019 | I54: 36 | J54: 3 | K54: =MAX(Sheet1!$Q$112:$Q$147) -> 24.304453 | L54: =MIN(Sheet1!$Q$112:$Q$147) -> 3.4175094
A55: AboveP1 | B55: 5 | C55: =AVERAGE(Sheet1!$Q148:$Q188) -> 16.094877 | D55: =STDEV(Sheet1!$Q148:$Q188) -> 6.7810248 | E55: =Sheet1!V7 -> 914.2717 | F55: ES | G55: ES-Cliff | H55: 2018 | I55: 41 | J55: 3 | K55: =MAX(Sheet1!$Q$148:$Q$188) -> 27.343849 | L55: =MIN(Sheet1!$Q$148:$Q$188) -> 3.0433208
A56: WAS51 | B56: 1 | C56: =AVERAGE(Sheet1!$Q189:$Q210) -> 11.267261 | D56: =STDEV(Sheet1!$Q189:$Q210) -> 2.6574503 | E56: =Sheet1!V189 -> 430.10792 | F56: ES | G56: ES-Cliff | H56: 2022 | I56: 22 | J56: 3 | K56: =MAX(Sheet1!$Q$189:$Q$210) -> 15.602264 | L56: =MIN(Sheet1!$Q$189:$Q$210) -> 4.6651572 | M56: 0.15 | N56: 260
A57: WAS51 | B57: 2 | C57: =AVERAGE(Sheet1!$Q211:$Q236) -> 15.021411 | D57: =STDEV(Sheet1!$Q211:$Q236) -> 4.3540783 | E57: =Sheet1!V190 -> 552.88151 | F57: ES | G57: ES-Cliff | H57: 2021 | I57: 26 | J57: 3 | K57: =MAX(Sheet1!$Q$211:$Q$236) -> 21.463396 | L57: =MIN(Sheet1!$Q$211:$Q$236) -> 5.0006038
A58: WAS51 | B58: 3 | C58: =AVERAGE(Sheet1!$Q237:$Q259) -> 16.83736 | D58: =STDEV(Sheet1!$Q237:$Q259) -> 6.15989 | E58: =Sheet1!V191 -> 522.93736 | F58: ES | G58: ES-Cliff | H58: 2020 | I58: 23 | J58: 3 | K58: =MAX(Sheet1!$Q$237:$Q$259) -> 26.434717 | L58: =MIN(Sheet1!$Q$237:$Q$259) -> 4.890717
A59: WAS51 | B59: 4 | C59: =AVERAGE(Sheet1!$Q260:$Q279) -> 14.580525 | D59: =STDEV(Sheet1!$Q260:$Q279) -> 6.1672039 | E59: =Sheet1!V192 -> 441.85283 | F59: ES | G59: ES-Cliff | H59: 2019 | I59: 20 | J59: 3 | K59: =MAX(Sheet1!$Q$260:$Q$279) -> 25.198189 | L59: =MIN(Sheet1!$Q$260:$Q$279) -> 3.1628679
A60: WAS51 | B60: 5 | C60: =AVERAGE(Sheet1!$Q280:$Q294) -> 15.521469 | D60: =STDEV(Sheet1!$Q280:$Q294) -> 6.7684806 | E60: =Sheet1!V193 -> 310.91623 | F60: ES | G60: ES-Cliff | H60: 2018 | I60: 15 | J60: 3 | K60: =MAX(Sheet1!$Q$280:$Q$294) -> 22.858415 | L60: =MIN(Sheet1!$Q$280:$Q$294) -> 3.5213585
A61: WAS51 | B61: 6 | C61: =AVERAGE(Sheet1!$Q295:$Q306) -> 16.094189 | D61: =STDEV(Sheet1!$Q295:$Q306) -> 6.2724703 | E61: =Sheet1!V194 -> 257.57509 | F61: ES | G61: ES-Cliff | H61: 2017 | I61: 12 | J61: 3 | K61: =MAX(Sheet1!$Q$295:$Q$306) -> 22.931321 | L61: =MIN(Sheet1!$Q$295:$Q$306) -> 3.6626415
A62: WAS51 | B62: 7 | C62: =AVERAGE(Sheet1!$Q307:$Q313) -> 14.568992 | D62: =STDEV(Sheet1!$Q307:$Q313) -> 8.4965195 | E62: =Sheet1!V195 -> 131.14038 | F62: ES | G62: ES-Cliff | H62: 2016 | I62: 7 | J62: 3 | K62: =MAX(Sheet1!$Q$307:$Q$313) -> 24.24634 | L62: =MIN(Sheet1!$Q$307:$Q$313) -> 3.776
A63: WAS51 | B63: 8 | C63: =AVERAGE(Sheet1!$Q314:$Q323) -> 13.853288 | D63: =STDEV(Sheet1!$Q314:$Q323) -> 5.6088404 | E63: =Sheet1!V196 -> 200.31321 | F63: ES | G63: ES-Cliff | H63: 2015 | I63: 10 | J63: 3 | K63: =MAX(Sheet1!$Q$314:$Q$323) -> 19.473358 | L63: =MIN(Sheet1!$Q$314:$Q$323) -> 3.2952453
A64: WAS50 | B64: 1 | C64: =AVERAGE(Sheet1!$M2610:$M2638) -> 18.277672 | D64: =STDEV(Sheet1!$M2610:$M2638) -> 7.4878935 | E64: =Sheet1!F2610 -> 685.983 | F64: ES | G64: ES-Cliff | H64: 2021 | I64: 29 | J64: 3 | K64: =MAX(Sheet1!$M$2610:$M$2638) -> 27.095667 | L64: =MIN(Sheet1!$M$2610:$M$2638) -> 1.2576667 | M64: 2.1 | N64: 86
A65: WAS50 | B65: 2 | C65: =AVERAGE(Sheet1!$M2639:$M2666) -> 17.593024 | D65: =STDEV(Sheet1!$M2639:$M2666) -> 10.365139 | E65: =Sheet1!F2639 -> 696.582 | F65: ES | G65: ES-Cliff | H65: 2020 | I65: 28 | J65: 3 | K65: =MAX(Sheet1!$M$2639:$M$2666) -> 32.532 | L65: =MIN(Sheet1!$M$2639:$M$2666) -> 0.755
A66: WAS50 | B66: 3 | C66: =AVERAGE(Sheet1!$M2667:$M2693) -> 16.813623 | D66: =STDEV(Sheet1!$M2667:$M2693) -> 8.685654 | E66: =Sheet1!F2667 -> 696.831 | F66: ES | G66: ES-Cliff | H66: 2019 | I66: 27 | J66: 3 | K66: =MAX(Sheet1!$M$2667:$M$2693) -> 29.833667 | L66: =MIN(Sheet1!$M$2667:$M$2693) -> 1.509
A67: WAS50 | B67: 4 | C67: =AVERAGE(Sheet1!$M2694:$M2715) -> 17.825833 | D67: =STDEV(Sheet1!$M2694:$M2715) -> 9.3936441 | E67: =Sheet1!F2694 -> 574.278 | F67: ES | G67: ES-Cliff | H67: 2018 | I67: 22 | J67: 3 | K67: =MAX(Sheet1!$M$2694:$M$2715) -> 28.478667 | L67: =MIN(Sheet1!$M$2694:$M$2715) -> 2.5156667
A68: WAS50 | B68: 5 | C68: =AVERAGE(Sheet1!$M2716:$M2751) -> 17.857755 | D68: =STDEV(Sheet1!$M2716:$M2751) -> 7.6766712 | E68: =Sheet1!F2716 -> 971.39 | F68: ES | G68: ES-Cliff | H68: 2017 | I68: 36 | J68: 3 | K68: =MAX(Sheet1!$M$2716:$M$2751) -> 28.943 | L68: =MIN(Sheet1!$M$2716:$M$2751) -> 1.8865
A69: WAS42 | B69: 1 | C69: =AVERAGE(Sheet1!$M3089:$M3114) -> 18.556462 | D69: =STDEV(Sheet1!$M3089:$M3114) -> 9.4770481 | E69: =Sheet1!F3089 -> 654.758 | F69: ES | G69: ES-Cliff | H69: 2020 | I69: 26 | J69: 3 | K69: =MAX(Sheet1!$M$3089:$M$3114) -> 37.247667 | L69: =MIN(Sheet1!$M$3089:$M$3114) -> 3.019 | M69: 1.8 | N69: 97
A70: WAS42 | B70: 2 | C70: =AVERAGE(Sheet1!$M3115:$M3132) -> 19.230213 | D70: =STDEV(Sheet1!$M3115:$M3132) -> 7.6116196 | E70: =Sheet1!F3115 -> 438.491 | F70: ES | G70: ES-Cliff | H70: 2019 | I70: 18 | J70: 3 | K70: =MAX(Sheet1!$M$3115:$M$3132) -> 28.7415 | L70: =MIN(Sheet1!$M$3115:$M$3132) -> 2.6415
A71: WAS42 | B71: 3 | C71: =AVERAGE(Sheet1!$M3133:$M3151) -> 14.272132 | D71: =STDEV(Sheet1!$M3133:$M3151) -> 7.651091 | E71: =Sheet1!F3133 -> 398.493 | F71: ES | G71: ES-Cliff | H71: 2018 | I71: 19 | J71: 3 | K71: =MAX(Sheet1!$M$3133:$M$3151) -> 24.694667 | L71: =MIN(Sheet1!$M$3133:$M$3151) -> 1.8865
A72: WAS42 | B72: 4 | C72: =AVERAGE(Sheet1!$M3152:$M3165) -> 18.013833 | D72: =STDEV(Sheet1!$M3152:$M3165) -> 7.6141406 | E72: =Sheet1!F3152 -> 358.694 | F72: ES | G72: ES-Cliff | H72: 2017 | I72: 14 | J72: 3 | K72: =MAX(Sheet1!$M$3152:$M$3165) -> 29.093 | L72: =MIN(Sheet1!$M$3152:$M$3165) -> 3.608
A73: WAS42 | B73: 5 | C73: =AVERAGE(Sheet1!$M3166:$M3179) -> 16.871452 | D73: =STDEV(Sheet1!$M3166:$M3179) -> 8.9153321 | E73: =Sheet1!F3166 -> 352.505 | F73: ES | G73: ES-Cliff | H73: 2016 | I73: 14 | J73: 3 | K73: =MAX(Sheet1!$M$3166:$M$3179) -> 29.981667 | L73: =MIN(Sheet1!$M$3166:$M$3179) -> 1.761
A74: WAS01 | B74: 1 | C74: =AVERAGE(Sheet1!$M3180:$M3198) -> 11.717711 | D74: =STDEV(Sheet1!$M3180:$M3198) -> 7.7314619 | E74: =Sheet1!F3180 -> 427.016 | F74: ES | G74: ES-Cliff | H74: 2022 | I74: 19 | J74: 3 | K74: =MAX(Sheet1!$M$3180:$M$3198) -> 27.80475 | L74: =MIN(Sheet1!$M$3180:$M$3198) -> 2.0755 | M74: 0.6 | N74: 197
A75: WAS01 | B75: 2 | C75: =AVERAGE(Sheet1!$M3199:$M3214) -> 8.9532917 | D75: =STDEV(Sheet1!$M3199:$M3214) -> 7.451866 | E75: =Sheet1!F3199 -> 280.914 | F75: ES | G75: ES-Cliff | H75: 2021 | I75: 16 | J75: 3 | K75: =MAX(Sheet1!$M$3199:$M$3214) -> 22.749 | L75: =MIN(Sheet1!$M$3199:$M$3214) -> 1.0063333
A76: WAS01 | B76: 3 | C76: =AVERAGE(Sheet1!$M3215:$M3224) -> 13.626033 | D76: =STDEV(Sheet1!$M3215:$M3224) -> 8.5218419 | E76: =Sheet1!F3215 -> 235.806 | F76: ES | G76: ES-Cliff | H76: 2020 | I76: 10 | J76: 3 | K76: =MAX(Sheet1!$M$3215:$M$3224) -> 22.52525 | L76: =MIN(Sheet1!$M$3215:$M$3224) -> 1.50925
A77: WAS01 | B77: 4 | C77: =AVERAGE(Sheet1!$M3225:$M3232) -> 14.189708 | D77: =STDEV(Sheet1!$M3225:$M3232) -> 8.4345949 | E77: =Sheet1!F3225 -> 147.116 | F77: ES | G77: ES-Cliff | H77: 2019 | I77: 8 | J77: 3 | K77: =MAX(Sheet1!$M$3225:$M$3232) -> 22.210667 | L77: =MIN(Sheet1!$M$3225:$M$3232) -> 0.755
A78: WAS01 | B78: 5 | C78: =AVERAGE(Sheet1!$M3233:$M3240) -> 12.992458 | D78: =STDEV(Sheet1!$M3233:$M3240) -> 7.2756862 | E78: =Sheet1!F3233 -> 151.313 | F78: ES | G78: ES-Cliff | H78: 2018 | I78: 8 | J78: 3 | K78: =MAX(Sheet1!$M$3233:$M$3240) -> 21.527 | L78: =MIN(Sheet1!$M$3233:$M$3240) -> 3.01875
A79: WAS04 | B79: 1 | C79: =AVERAGE(Sheet1!$M481:$M497) -> 21.653922 | D79: =STDEV(Sheet1!$M481:$M497) -> 11.985394 | E79: =Sheet1!F481 -> 525.581 | F79: ES | G79: ES-Cliff | H79: 2021 | I79: 17 | J79: 3 | K79: =MAX(Sheet1!$M$481:$M$497) -> 36.127 | L79: =MIN(Sheet1!$M$481:$M$497) -> 3.202 | M79: 0.3 | N79: 266
A80: WAS04 | B80: 2 | C80: =AVERAGE(Sheet1!$M498:$M518) -> 20.727198 | D80: =STDEV(Sheet1!$M498:$M518) -> 12.227718 | E80: =Sheet1!F498 -> 679.536 | F80: ES | G80: ES-Cliff | H80: 2020 | I80: 21 | J80: 3 | K80: =MAX(Sheet1!$M$498:$M$518) -> 40.635 | L80: =MIN(Sheet1!$M$498:$M$518) -> 4.2735
A81: WAS04 | B81: 3 | C81: =AVERAGE(Sheet1!$M519:$M533) -> 18.891978 | D81: =STDEV(Sheet1!$M519:$M533) -> 12.066962 | E81: =Sheet1!F519 -> 446.56 | F81: ES | G81: ES-Cliff | H81: 2019 | I81: 15 | J81: 3 | K81: =MAX(Sheet1!$M$519:$M$533) -> 38.202 | L81: =MIN(Sheet1!$M$519:$M$533) -> 4.617
A82: WAS04 | B82: 4 | C82: =AVERAGE(Sheet1!$M534:$M549) -> 19.201417 | D82: =STDEV(Sheet1!$M534:$M549) -> 11.829345 | E82: =Sheet1!F534 -> 488.181 | F82: ES | G82: ES-Cliff | H82: 2018 | I82: 16 | J82: 3 | K82: =MAX(Sheet1!$M$534:$M$549) -> 35.932667 | L82: =MIN(Sheet1!$M$534:$M$549) -> 4.3035
A83: WAS04 | B83: 5 | C83: =AVERAGE(Sheet1!$M550:$M566) -> 21.582157 | D83: =STDEV(Sheet1!$M550:$M566) -> 13.947702 | E83: =Sheet1!F550 -> 506.305 | F83: ES | G83: ES-Cliff | H83: 2017 | I83: 17 | J83: 3 | K83: =MAX(Sheet1!$M$550:$M$566) -> 39.120667 | L83: =MIN(Sheet1!$M$550:$M$566) -> 3.774
A84: WAS63 | B84: 1 | C84: =AVERAGE(Sheet1!$M567:$M620) -> 20.832713 | D84: =STDEV(Sheet1!$M567:$M620) -> 8.7491068 | E84: =Sheet1!F567 -> 1681.78 | F84: ES | G84: ES-Soil | H84: 2021 | I84: 54 | J84: 4 | K84: =MAX(Sheet1!$M$567:$M$620) -> 38.495 | L84: =MIN(Sheet1!$M$567:$M$620) -> 3.019 | M84: ? | N84: ?
A85: WAS63 | B85: 2 | C85: =AVERAGE(Sheet1!$M621:$M693) -> 21.886671 | D85: =STDEV(Sheet1!$M621:$M693) -> 8.1173969 | E85: =Sheet1!F621 -> 2179.725 | F85: ES | G85: ES-Soil | H85: 2020 | I85: 73 | J85: 4 | K85: =MAX(Sheet1!$M$621:$M$693) -> 35.89 | L85: =MIN(Sheet1!$M$621:$M$693) -> 3.774
A86: WAS63 | B86: 3 | C86: =AVERAGE(Sheet1!$M694:$M755) -> 21.464414 | D86: =STDEV(Sheet1!$M694:$M755) -> 9.5421955 | E86: =Sheet1!F694 -> 1832.023 | F86: ES | G86: ES-Soil | H86: 2019 | I86: 62 | J86: 4 | K86: =MAX(Sheet1!$M$694:$M$755) -> 34.978333 | L86: =MIN(Sheet1!$M$694:$M$755) -> 3.019
A87: WAS63 | B87: 4 | C87: =AVERAGE(Sheet1!$M756:$M803) -> 21.465708 | D87: =STDEV(Sheet1!$M756:$M803) -> 8.9615694 | E87: =Sheet1!F756 -> 1439.234 | F87: ES | G87: ES-Soil | H87: 2018 | I87: 48 | J87: 4 | K87: =MAX(Sheet1!$M$756:$M$803) -> 33.974 | L87: =MIN(Sheet1!$M$756:$M$803) -> 3.7736667
A88: WAS63 | B88: 5 | C88: =AVERAGE(Sheet1!$M804:$M866) -> 19.223074 | D88: =STDEV(Sheet1!$M804:$M866) -> 8.630843 | E88: =Sheet1!F804 -> 1645.683 | F88: ES | G88: ES-Soil | H88: 2017 | I88: 63 | J88: 4 | K88: =MAX(Sheet1!$M$804:$M$866) -> 31.824 | L88: =MIN(Sheet1!$M$804:$M$866) -> 0.755
A89: WAS64 | B89: 1 | C89: =AVERAGE(Sheet1!$M3495:$M3563) -> 22.917785 | D89: =STDEV(Sheet1!$M3495:$M3563) -> 8.7024553 | E89: =Sheet1!F3495 -> 2115.304 | F89: ES | G89: ES-Soil | H89: 2021 | I89: 69 | J89: 4 | K89: =MAX(Sheet1!$M$3495:$M$3563) -> 39.292667 | L89: =MIN(Sheet1!$M$3495:$M$3563) -> 3.019 | M89: ? | N89: ?
A90: WAS64 | B90: 2 | C90: =AVERAGE(Sheet1!$M3564:$M3658) -> 22.191828 | D90: =STDEV(Sheet1!$M3564:$M3658) -> 11.137275 | E90: =Sheet1!F3564 -> 2932.554 | F90: ES | G90: ES-Soil | H90: 2020 | I90: 95 | J90: 4 | K90: =MAX(Sheet1!$M$3564:$M$3658) -> 37.553667 | L90: =MIN(Sheet1!$M$3564:$M$3658) -> 1.2576667
A91: WAS64 | B91: 3 | C91: =AVERAGE(Sheet1!$M3659:$M3753) -> 25.061249 | D91: =STDEV(Sheet1!$M3659:$M3753) -> 11.220504 | E91: =Sheet1!F3659 -> 3176.452 | F91: ES | G91: ES-Soil | H91: 2019 | I91: 95 | J91: 4 | K91: =MAX(Sheet1!$M$3659:$M$3753) -> 42.376 | L91: =MIN(Sheet1!$M$3659:$M$3753) -> 2.387
A92: WAS64 | B92: 4 | C92: =AVERAGE(Sheet1!$M3754:$M3818) -> 25.936018 | D92: =STDEV(Sheet1!$M3754:$M3818) -> 11.744948 | E92: =Sheet1!F3754 -> 2267.21 | F92: ES | G92: ES-Soil | H92: 2018 | I92: 65 | J92: 4 | K92: =MAX(Sheet1!$M$3754:$M$3818) -> 41.640667 | L92: =MIN(Sheet1!$M$3754:$M$3818) -> 2.6785
A93: WAS64 | B93: 5 | C93: =AVERAGE(Sheet1!$M3819:$M3883) -> 23.322026 | D93: =STDEV(Sheet1!$M3819:$M3883) -> 10.334028 | E93: =Sheet1!F3819 -> 2159.468 | F93: ES | G93: ES-Soil | H93: 2017 | I93: 65 | J93: 4 | K93: =MAX(Sheet1!$M$3819:$M$3883) -> 42.445667 | L93: =MIN(Sheet1!$M$3819:$M$3883) -> 1.8865
A94: WAS48 | B94: 1 | C94: =AVERAGE(Sheet1!$M3241:$M3277) -> 22.654369 | D94: =STDEV(Sheet1!$M3241:$M3277) -> 10.604816 | E94: =Sheet1!F3241 -> 1149.234 | F94: ES | G94: ES-Soil | H94: 2022 | I94: 37 | J94: 4 | K94: =MAX(Sheet1!$M$3241:$M$3277) -> 34.023 | L94: =MIN(Sheet1!$M$3241:$M$3277) -> 1.288 | M94: 6 | N94: 101
A95: WAS48 | B95: 2 | C95: =AVERAGE(Sheet1!$M3278:$M3321) -> 25.3885 | D95: =STDEV(Sheet1!$M3278:$M3321) -> 9.2563554 | E95: =Sheet1!F3278 -> 1542.715 | F95: ES | G95: ES-Soil | H95: 2021 | I95: 44 | J95: 4 | K95: =MAX(Sheet1!$M$3278:$M$3321) -> 37.003 | L95: =MIN(Sheet1!$M$3278:$M$3321) -> 1.2576667
A96: WAS48 | B96: 3 | C96: =AVERAGE(Sheet1!$M3322:$M3380) -> 23.610458 | D96: =STDEV(Sheet1!$M3322:$M3380) -> 9.162469 | E96: =Sheet1!F3322 -> 2028.782 | F96: ES | G96: ES-Soil | H96: 2020 | I96: 59 | J96: 4 | K96: =MAX(Sheet1!$M$3322:$M$3380) -> 36.732 | L96: =MIN(Sheet1!$M$3322:$M$3380) -> 1.7606667
A97: WAS48 | B97: 4 | C97: =AVERAGE(Sheet1!$M3381:$M3435) -> 26.164724 | D97: =STDEV(Sheet1!$M3381:$M3435) -> 11.210633 | E97: =Sheet1!F3381 -> 2029.171 | F97: ES | G97: ES-Soil | H97: 2019 | I97: 55 | J97: 4 | K97: =MAX(Sheet1!$M$3381:$M$3435) -> 41.946 | L97: =MIN(Sheet1!$M$3381:$M$3435) -> 1.0063333
A98: WAS48 | B98: 5 | C98: =AVERAGE(Sheet1!$M3436:$M3494) -> 26.707929 | D98: =STDEV(Sheet1!$M3436:$M3494) -> 10.23498 | E98: =Sheet1!F3436 -> 2113.223 | F98: ES | G98: ES-Soil | H98: 2018 | I98: 59 | J98: 4 | K98: =MAX(Sheet1!$M$3436:$M$3494) -> 39.865667 | L98: =MIN(Sheet1!$M$3436:$M$3494) -> 2.264
A99: WAS57 | B99: 1 | C99: =AVERAGE(Sheet1!$M4241:$M4275) -> 16.0325 | D99: =STDEV(Sheet1!$M4241:$M4275) -> 7.9505209 | E99: =Sheet1!F4241 -> 842.13 | F99: ES | G99: ES-Soil | H99: 2022 | I99: 35 | J99: 4 | K99: =MAX(Sheet1!$M$4241:$M$4275) -> 28.9785 | L99: =MIN(Sheet1!$M$4241:$M$4275) -> 1.067 | M99: ? | N99: ?
A100: WAS57 | B100: 2 | C100: =AVERAGE(Sheet1!$M4276:$M4323) -> 15.175604 | D100: =STDEV(Sheet1!$M4276:$M4323) -> 7.3995441 | E100: =Sheet1!F4276 -> 1219.757 | F100: ES | G100: ES-Soil | H100: 2021 | I100: 48 | J100: 4 | K100: =MAX(Sheet1!$M$4276:$M$4323) -> 29.588 | L100: =MIN(Sheet1!$M$4276:$M$4323) -> 1.509
...

Sheet Cell Number
A1: Tree | B1: Year | C1: Number of Cells | D1: Species | E1: Group | M1: Tree | N1: Year | O1: Number of Cells | P1: Group | T1: DF-Cliff | U1: DF-Soil | V1: ES-Cliff | W1: ES-Soil | AA1: 2019 | AB1: 2019 | AC1: 2019
A2: WAS27 | B2: 2017 | C2: 6 | D2: DF | E2: DF-Cliff | M2: Under42 | N2: 2018 | O2: 19 | P2: DF-Cliff | S2: 2018 | T2: 19 | U2: 57 | V2: 41 | W2: 48 | AA2: 74 | AB2: 12 | AC2: 59
A3: Under42 | B3: 2018 | C3: 19 | D3: DF | E3: DF-Cliff | M3: WAS27 | N3: 2018 | O3: 7 | P3: DF-Cliff | S3: 2018 | T3: 7 | U3: 24 | V3: 15 | W3: 65
A4: WAS27 | B4: 2018 | C4: 7 | D4: DF | E4: DF-Cliff | M4: WAS03 | N4: 2018 | O4: 84 | P4: DF-Cliff | S4: 2018 | T4: 84 | U4: 67 | V4: 22 | W4: 59
A5: WAS03 | B5: 2018 | C5: 84 | D5: DF | E5: DF-Cliff | M5: WAS21 | N5: 2018 | O5: 14 | P5: DF-Cliff | S5: 2018 | T5: 14 | U5: 40 | V5: 19 | W5: 68
A6: WAS21 | B6: 2018 | C6: 14 | D6: DF | E6: DF-Cliff | M6: WAS36 | N6: 2018 | O6: 65 | P6: DF-Cliff | S6: 2018 | T6: 65 | U6: 100 | V6: 8 | W6: 69
A7: WAS36 | B7: 2018 | C7: 65 | D7: DF | E7: DF-Cliff | M7: WAS49 | N7: 2018 | O7: 57 | P7: DF-Soil | S7: 2018 | V7: 16
A8: Under42 | B8: 2019 | C8: 19 | D8: DF | E8: DF-Cliff | M8: GT-1 | N8: 2018 | O8: 24 | P8: DF-Soil | S8: 2019 | T8: 19 | U8: 57 | V8: 36 | W8: 62
A9: WAS27 | B9: 2019 | C9: 7 | D9: DF | E9: DF-Cliff | M9: WAS61 | N9: 2018 | O9: 67 | P9: DF-Soil | S9: 2019 | T9: 7 | U9: 32 | V9: 20 | W9: 95
A10: WAS03 | B10: 2019 | C10: 74 | D10: DF | E10: DF-Cliff | M10: GT-3 | N10: 2018 | O10: 40 | P10: DF-Soil | S10: 2019 | T10: 74 | U10: 84 | V10: 27 | W10: 55
A11: WAS21 | B11: 2019 | C11: 12 | D11: DF | E11: DF-Cliff | M11: GT-4 | N11: 2018 | O11: 100 | P11: DF-Soil | S11: 2019 | T11: 12 | U11: 36 | V11: 18 | W11: 75
A12: WAS36 | B12: 2019 | C12: 59 | D12: DF | E12: DF-Cliff | M12: AboveP1 | N12: 2018 | O12: 41 | P12: ES-Cliff | S12: 2019 | T12: 59 | U12: 131 | V12: 8 | W12: 94
A13: Under42 | B13: 2020 | C13: 26 | D13: DF | E13: DF-Cliff | M13: WAS51 | N13: 2018 | O13: 15 | P13: ES-Cliff | S13: 2019 | V13: 15
A14: WAS27 | B14: 2020 | C14: 7 | D14: DF | E14: DF-Cliff | M14: WAS50 | N14: 2018 | O14: 22 | P14: ES-Cliff | S14: 2020 | T14: 26 | U14: 25 | V14: 26 | W14: 73
A15: WAS03 | B15: 2020 | C15: 34 | D15: DF | E15: DF-Cliff | M15: WAS42 | N15: 2018 | O15: 19 | P15: ES-Cliff | S15: 2020 | T15: 7 | U15: 26 | V15: 23 | W15: 95
A16: WAS21 | B16: 2020 | C16: 15 | D16: DF | E16: DF-Cliff | M16: WAS01 | N16: 2018 | O16: 8 | P16: ES-Cliff | S16: 2020 | T16: 34 | U16: 88 | V16: 28 | W16: 59
A17: WAS36 | B17: 2020 | C17: 69 | D17: DF | E17: DF-Cliff | M17: WAS04 | N17: 2018 | O17: 16 | P17: ES-Cliff | S17: 2020 | T17: 15 | U17: 43 | V17: 26 | W17: 46
A18: Under42 | B18: 2021 | C18: 30 | D18: DF | E18: DF-Cliff | M18: WAS63 | N18: 2018 | O18: 48 | P18: ES-Soil | S18: 2020 | T18: 69 | U18: 106 | V18: 10 | W18: 85
A19: WAS27 | B19: 2021 | C19: 7 | D19: DF | E19: DF-Cliff | M19: WAS64 | N19: 2018 | O19: 65 | P19: ES-Soil | S19: 2020 | V19: 21
A20: WAS03 | B20: 2021 | C20: 19 | D20: DF | E20: DF-Cliff | M20: WAS48 | N20: 2018 | O20: 59 | P20: ES-Soil
A21: WAS21 | B21: 2021 | C21: 8 | D21: DF | E21: DF-Cliff | M21: WAS57 | N21: 2018 | O21: 68 | P21: ES-Soil
A22: WAS36 | B22: 2021 | C22: 44 | D22: DF | E22: DF-Cliff | M22: WAS65 | N22: 2018 | O22: 69 | P22: ES-Soil
A23: Under42 | B23: 2022 | C23: 62 | D23: DF | E23: DF-Cliff | M23: Under42 | N23: 2019 | O23: 19 | P23: DF-Cliff
A24: WAS27 | B24: 2022 | C24: 12 | D24: DF | E24: DF-Cliff | M24: WAS27 | N24: 2019 | O24: 7 | P24: DF-Cliff
A25: WAS03 | B25: 2022 | C25: 22 | D25: DF | E25: DF-Cliff | M25: WAS03 | N25: 2019 | O25: 74 | P25: DF-Cliff
A26: WAS21 | B26: 2022 | C26: 22 | D26: DF | E26: DF-Cliff | M26: WAS21 | N26: 2019 | O26: 12 | P26: DF-Cliff
A27: WAS36 | B27: 2022 | C27: 44 | D27: DF | E27: DF-Cliff | M27: WAS36 | N27: 2019 | O27: 59 | P27: DF-Cliff
M28: WAS49 | N28: 2019 | O28: 57 | P28: DF-Soil
A29: WAS49 | B29: 2022 | C29: 46 | D29: DF | E29: DF-Soil | M29: GT-1 | N29: 2019 | O29: 32 | P29: DF-Soil
A30: GT-1 | B30: 2016 | C30: 18 | D30: DF | E30: DF-Soil | M30: WAS61 | N30: 2019 | O30: 84 | P30: DF-Soil
A31: GT-1 | B31: 2017 | C31: 29 | D31: DF | E31: DF-Soil | M31: GT-3 | N31: 2019 | O31: 36 | P31: DF-Soil
A32: WAS61 | B32: 2017 | C32: 49 | D32: DF | E32: DF-Soil | M32: GT-4 | N32: 2019 | O32: 131 | P32: DF-Soil
A33: GT-3 | B33: 2017 | C33: 31 | D33: DF | E33: DF-Soil | M33: AboveP1 | N33: 2019 | O33: 36 | P33: ES-Cliff
A34: WAS49 | B34: 2018 | C34: 57 | D34: DF | E34: DF-Soil | M34: WAS51 | N34: 2019 | O34: 20 | P34: ES-Cliff
A35: GT-1 | B35: 2018 | C35: 24 | D35: DF | E35: DF-Soil | M35: WAS50 | N35: 2019 | O35: 27 | P35: ES-Cliff
A36: WAS61 | B36: 2018 | C36: 67 | D36: DF | E36: DF-Soil | M36: WAS42 | N36: 2019 | O36: 18 | P36: ES-Cliff
A37: GT-3 | B37: 2018 | C37: 40 | D37: DF | E37: DF-Soil | M37: WAS01 | N37: 2019 | O37: 8 | P37: ES-Cliff
A38: GT-4 | B38: 2018 | C38: 100 | D38: DF | E38: DF-Soil | M38: WAS04 | N38: 2019 | O38: 15 | P38: ES-Cliff
A39: WAS49 | B39: 2019 | C39: 57 | D39: DF | E39: DF-Soil | M39: WAS63 | N39: 2019 | O39: 62 | P39: ES-Soil
A40: GT-1 | B40: 2019 | C40: 32 | D40: DF | E40: DF-Soil | M40: WAS64 | N40: 2019 | O40: 95 | P40: ES-Soil
... A51: GT-3 | B51: 2021 | C51: 33 | D51: DF | E51: DF-Soil | M51: WAS61 | N51: 2020 | O51: 88 | P51: DF-Soil
M52: GT-3 | N52: 2020 | O52: 43 | P52: DF-Soil
A53: WAS51 | B53: 2015 | C53: 10 | D53: ES | E53: ES-Cliff | M53: GT-4 | N53: 2020 | O53: 106 | P53: DF-Soil
A54: WAS51 | B54: 2016 | C54: 7 | D54: ES | E54: ES-Cliff | M54: AboveP1 | N54: 2020 | O54: 26 | P54: ES-Cliff
A55: WAS42 | B55: 2016 | C55: 14 | D55: ES | E55: ES-Cliff | M55: WAS51 | N55: 2020 | O55: 23 | P55: ES-Cliff
A56: WAS51 | B56: 2017 | C56: 12 | D56: ES | E56: ES-Cliff | M56: WAS50 | N56: 2020 | O56: 28 | P56: ES-Cliff
A57: WAS50 | B57: 2017 | C57: 36 | D57: ES | E57: ES-Cliff | M57: WAS42 | N57: 2020 | O57: 26 | P57: ES-Cliff
A58: WAS42 | B58: 2017 | C58: 14 | D58: ES | E58: ES-Cliff | M58: WAS01 | N58: 2020 | O58: 10 | P58: ES-Cliff
A59: WAS04 | B59: 2017 | C59: 17 | D59: ES | E59: ES-Cliff | M59: WAS04 | N59: 2020 | O59: 21 | P59: ES-Cliff
A60: AboveP1 | B60: 2018 | C60: 41 | D60: ES | E60: ES-Cliff | M60: WAS63 | N60: 2020 | O60: 73 | P60: ES-Soil
A61: WAS51 | B61: 2018 | C61: 15 | D61: ES | E61: ES-Cliff | M61: WAS64 | N61: 2020 | O61: 95 | P61: ES-Soil
A62: WAS50 | B62: 2018 | C62: 22 | D62: ES | E62: ES-Cliff | M62: WAS48 | N62: 2020 | O62: 59 | P62: ES-Soil
A63: WAS42 | B63: 2018 | C63: 19 | D63: ES | E63: ES-Cliff | M63: WAS57 | N63: 2020 | O63: 46 | P63: ES-Soil
A64: WAS01 | B64: 2018 | C64: 8 | D64: ES | E64: ES-Cliff | M64: WAS65 | N64: 2020 | O64: 85 | P64: ES-Soil
... A82: WAS04 | B82: 2021 | C82: 17 | D82: ES | E82: ES-Cliff | M82: WAS65 | N82: 2021 | O82: 76 | P82: ES-Soil
A83: AboveP1 | B83: 2022 | C83: 42 | D83: ES | E83: ES-Cliff
A84: WAS51 | B84: 2022 | C84: 22 | D84: ES | E84: ES-Cliff
A85: WAS01 | B85: 2022 | C85: 19 | D85: ES | E85: ES-Cliff
A87: WAS63 | B87: 2017 | C87: 63 | D87: ES | E87: ES-Soil
A88: WAS64 | B88: 2017 | C88: 65 | D88: ES | E88: ES-Soil
A89: WAS63 | B89: 2018 | C89: 48 | D89: ES | E89: ES-Soil
A90: WAS64 | B90: 2018 | C90: 65 | D90: ES | E90: ES-Soil
A91: WAS48 | B91: 2018 | C91: 59 | D91: ES | E91: ES-Soil
A92: WAS57 | B92: 2018 | C92: 68 | D92: ES | E92: ES-Soil
A93: WAS65 | B93: 2018 | C93: 69 | D93: ES | E93: ES-Soil
A94: WAS63 | B94: 2019 | C94: 62 | D94: ES | E94: ES-Soil
A95: WAS64 | B95: 2019 | C95: 95 | D95: ES | E95: ES-Soil
... A111: WAS65 | B111: 2022 | C111: 89 | D111: ES | E111: ES-Soil
A115: Year | B115: DF-Cliff | C115: DF-Soil | D115: ES-Cliff | E115: ES-Soil
A116: 2016 | B116: NA | C116: 18 | D116: 10.5 | E116: NA
A117: 2017 | B117: 6 | C117: 36.333333 | D117: 19.75 | E117: 64
A118: 2018 | B118: 37.8 | C118: 57.6 | D118: 20.166667 | E118: 61.8
A119: 2019 | B119: 34.2 | C119: 68 | D119: 20.666667 | E119: 76.2
A120: 2020 | B120: 30.2 | C120: 57.6 | D120: 22.333333 | E120: 71.6
A121: 2021 | B121: 21.6 | C121: 44.666667 | D121: 25.8 | E121: 59.25
A122: 2022 | B122: 25 | C122: 46 | D122: 27.666667 | E122: 53.666667
A124: 2016 | B124: 0 | C124: 1 | D124: 2 | E124: 0
A125: 2017 | B125: 1 | C125: 3 | D125: 4 | E125: 2
A126: 2018 | B126: 5 | C126: 5 | D126: 6 | E126: 5
A127: 2019 | B127: 5 | C127: 5 | D127: 6 | E127: 5
A128: 2020 | B128: 5 | C128: 5 | D128: 6 | E128: 5
A129: 2021 | B129: 5 | C129: 3 | D129: 5 | E129: 5
A130: 2022 | B130: 5 | C130: 1 | D130: 3 | E130: 3
A135: 2018 | B135: =STDEV(C3:C7) -> 34.433995 | C135: =STDEV(C34:C38) -> 28.832274 | D135: =STDEV(C60:C65) -> 11.232394 | E135: =STDEV(C89:C93) -> 8.6429162 | F135: =AVERAGE(B135:E135) -> 20.785395
A136: 2019 | B136: =STDEV(C8:C12) -> 30.260535 | C136: =STDEV(C39:C43) -> 40.822788 | D136: =STDEV(C66:C71) -> 9.7502137 | E136: =STDEV(C94:C98) -> 18.185159 | F136: =AVERAGE(B136:E136) -> 24.754674 | G136: =AVERAGE(F135:F137) -> 22.504805
A137: 2020 | B137: =STDEV(C13:C17) -> 24.014579 | C137: =STDEV(C44:C48) -> 37.219618 | D137: =STDEV(C73:C77) -> 7.0213959 | E137: =STDEV(C99:C103) -> 19.641792 | F137: =AVERAGE(B137:E137) -> 21.974346
A138: 2021 | B138: =STDEV(C18:C22) -> 15.630099 | C138: =STDEV(C49:C51) -> 21.079216 | D138: =STDEV(C78:C82) -> 10.18332 | E138: =STDEV(C104:C108) -> 13.754999
A139: 2022 | B139: =STDEV(C23:C27) -> 20.268202 | C139: =STDEV(C29) -> #DIV/0! | D139: =STDEV(C83:C85) -> 12.503333 | E139: =STDEV(C109:C111) -> 30.6159

Sheet Average CW Boxplot
A1: Tree | B1: Ring | C1: Average Cell Width | D1: SD | E1: Ring Width | F1: Species | G1: Group | H1: Year | I1: Number of Rings | J1: Category | K1: Max | L1: Min | O1: DF-Cliff | P1: DF-Soil | Q1: ES-Cliff | R1: ES-Soil
A2: WAS27 | B2: 6 | C2: =AVERAGE(Sheet1!M2019:M2024) -> 13.374433 | D2: =STDEV(Sheet1!M2019:M2024) -> 9.2344927 | E2: =Sheet1!F2019 -> 126.849 | F2: DF | G2: DF-Cliff | H2: 2017 | I2: 6 | J2: 1 | K2: =MAX(Sheet1!$M$2019:$M$2024) -> 22.7806 | L2: =MIN(Sheet1!$M$2019:$M$2024) -> 3.105 | N2: 2018 | O2: 12.413556 | P2: 20.37737 | Q2: 16.094877 | R2: 21.465708
A3: Under42 | B3: 5 | C3: =AVERAGE(Sheet1!$M462:$M480) -> 12.413556 | D3: =STDEV(Sheet1!M462:M480) -> 7.0551877 | E3: =Sheet1!F462 -> 362.425 | F3: DF | G3: DF-Cliff | H3: 2018 | I3: 19 | J3: 1 | K3: =MAX(Sheet1!$M$462:$M$480) -> 21.4544 | L3: =MIN(Sheet1!$M$462:$M$480) -> 2.8813333 | N3: 2018 | O3: 14.488029 | P3: 16.757326 | Q3: 15.521469 | R3: 25.936018
A4: WAS27 | B4: 5 | C4: =AVERAGE(Sheet1!M2012:M2018) -> 14.488029 | D4: =STDEV(Sheet1!M2012:M2018) -> 8.8871821 | E4: =Sheet1!F2012 -> 137.236 | F4: DF | G4: DF-Cliff | H4: 2018 | I4: 7 | J4: 1 | K4: =MAX(Sheet1!$M$2012:$M$2018) -> 24.432 | L4: =MIN(Sheet1!$M$2012:$M$2018) -> 2.264 | N4: 2018 | O4: 11.56881 | P4: 14.991075 | Q4: 17.825833 | R4: 26.707929
A5: WAS03 | B5: 5 | C5: =AVERAGE(Sheet1!M2245:M2328) -> 11.56881 | D5: =STDEV(Sheet1!M2245:M2328) -> 4.3556256 | E5: =Sheet1!F2245 -> 1768.016 | F5: DF | G5: DF-Cliff | H5: 2018 | I5: 84 | J5: 1 | K5: =MAX(Sheet1!$M$2245:$M$2328) -> 18.498 | L5: =MIN(Sheet1!$M$2245:$M$2328) -> 2.305 | N5: 2018 | O5: 18.3975 | P5: 24.435987 | Q5: 14.272132 | R5: 17.833956
A6: WAS21 | B6: 5 | C6: =AVERAGE(Sheet1!M2082:M2095) -> 18.3975 | D6: =STDEV(Sheet1!M2082:M2095) -> 11.114815 | E6: =Sheet1!F2082 -> 387.229 | F6: DF | G6: DF-Cliff | H6: 2018 | I6: 14 | J6: 1 | K6: =MAX(Sheet1!$M$2082:$M$2095) -> 31.33075 | L6: =MIN(Sheet1!$M$2082:$M$2095) -> 1.36525 | N6: 2018 | O6: 14.731328 | P6: 13.54128 | Q6: 12.992458 | R6: 23.210524
A7: WAS36 | B7: 5 | C7: =AVERAGE(Sheet1!M2545:M2609) -> 14.731328 | D7: =STDEV(Sheet1!M2545:M2609) -> 8.5115434 | E7: =Sheet1!F2545 -> 1629.597 | F7: DF | G7: DF-Cliff | H7: 2018 | I7: 65 | J7: 1 | K7: =MAX(Sheet1!$M$2545:$M$2609) -> 27.731 | L7: =MIN(Sheet1!$M$2545:$M$2609) -> 1.8016667 | N7: 2018 | Q7: 19.201417
A8: Under42 | B8: 4 | C8: =AVERAGE(Sheet1!$M443:$M461) -> 15.066495 | D8: =STDEV(Sheet1!M443:M461) -> 6.2202979 | E8: =Sheet1!F443 -> 431.778 | F8: DF | G8: DF-Cliff | H8: 2019 | I8: 19 | J8: 1 | K8: =MAX(Sheet1!$M$443:$M$461) -> 23.0992 | L8: =MIN(Sheet1!$M$443:$M$461) -> 3.4764 | N8: 2019 | O8: 15.066495 | P8: 20.470963 | Q8: 13.27749 | R8: 21.464414
A9: WAS27 | B9: 4 | C9: =AVERAGE(Sheet1!M2005:M2011) -> 15.214257 | D9: =STDEV(Sheet1!M2005:M2011) -> 9.8187617 | E9: =Sheet1!F2005 -> 113.564 | F9: DF | G9: DF-Cliff | H9: 2019 | I9: 7 | J9: 1 | K9: =MAX(Sheet1!$M$2005:$M$2011) -> 24.2126 | L9: =MIN(Sheet1!$M$2005:$M$2011) -> 2.387 | N9: 2019 | O9: 15.214257 | P9: 17.243389 | Q9: 14.580525 | R9: 25.061249
A10: WAS03 | B10: 4 | C10: =AVERAGE(Sheet1!M2171:M2244) -> 10.575836 | D10: =STDEV(Sheet1!M2171:M2244) -> 4.5284319 | E10: =Sheet1!F2171 -> 1603.147 | F10: DF | G10: DF-Cliff | H10: 2019 | I10: 74 | J10: 1 | K10: =MAX(Sheet1!$M$2171:$M$2244) -> 21.538333 | L10: =MIN(Sheet1!$M$2171:$M$2244) -> 2.0123333 | N10: 2019 | O10: 10.575836 | P10: 17.729214 | Q10: 16.813623 | R10: 26.164724
A11: WAS21 | B11: 4 | C11: =AVERAGE(Sheet1!M2070:M2081) -> 18.538097 | D11: =STDEV(Sheet1!M2070:M2081) -> 11.498691 | E11: =Sheet1!F2070 -> 324.199 | F11: DF | G11: DF-Cliff | H11: 2019 | I11: 12 | J11: 1 | K11: =MAX(Sheet1!$M$2070:$M$2081) -> 30.76125 | L11: =MIN(Sheet1!$M$2070:$M$2081) -> 1.066 | N11: 2019 | O11: 18.538097 | P11: 27.155477 | Q11: 19.230213 | R11: 19.83032
A12: WAS36 | B12: 4 | C12: =AVERAGE(Sheet1!M2486:M2544) -> 14.417929 | D12: =STDEV(Sheet1!M2486:M2544) -> 8.1183657 | E12: =Sheet1!F2486 -> 1644.91 | F12: DF | G12: DF-Cliff | H12: 2019 | I12: 59 | J12: 1 | K12: =MAX(Sheet1!$M$2486:$M$2544) -> 28.720667 | L12: =MIN(Sheet1!$M$2486:$M$2544) -> 2.6415 | N12: 2019 | O12: 14.417929 | P12: 20.005875 | Q12: 14.189708 | R12: 26.653152
A13: Under42 | B13: 3 | C13: =AVERAGE(Sheet1!$M417:$M461) -> 15.017814 | D13: =STDEV(Sheet1!M417:M461) -> 7.0770658 | E13: =Sheet1!F417 -> 610.678 | F13: DF | G13: DF-Cliff | H13: 2020 | I13: 26 | J13: 1 | K13: =MAX(Sheet1!$M$417:$M$442) -> 25.2568 | L13: =MIN(Sheet1!$M$417:$M$442) -> 3.202 | N13: 2019 | Q13: 18.891978
A14: WAS27 | B14: 3 | C14: =AVERAGE(Sheet1!M1998:M2004) -> 11.12155 | D14: =STDEV(Sheet1!M1998:M2004) -> 8.810714 | E14: =Sheet1!F1998 -> 131.297 | F14: DF | G14: DF-Cliff | H14: 2020 | I14: 7 | J14: 1 | K14: =MAX(Sheet1!$M$1998:$M$2004) -> 21.2292 | L14: =MIN(Sheet1!$M$1998:$M$2004) -> 0.755 | N14: 2020 | O14: 15.017814 | P14: 17.37445 | Q14: 14.374112 | R14: 21.886671
A15: WAS03 | B15: 3 | C15: =AVERAGE(Sheet1!M2137:M2170) -> 13.300863 | D15: =STDEV(Sheet1!M2137:M2170) -> 6.884056 | E15: =Sheet1!F2137 -> 726.634 | F15: DF | G15: DF-Cliff | H15: 2020 | I15: 34 | J15: 1 | K15: =MAX(Sheet1!$M$2137:$M$2170) -> 23.214667 | L15: =MIN(Sheet1!$M$2137:$M$2170) -> 1.258 | N15: 2020 | O15: 11.12155 | P15: 17.211276 | Q15: 16.83736 | R15: 22.191828
A16: WAS21 | B16: 3 | C16: =AVERAGE(Sheet1!M2055:M2069) -> 18.58965 | D16: =STDEV(Sheet1!M2055:M2069) -> 9.2957454 | E16: =Sheet1!F2055 -> 399.727 | F16: DF | G16: DF-Cliff | H16: 2020 | I16: 15 | J16: 1 | K16: =MAX(Sheet1!$M$2055:$M$2069) -> 30.6025 | L16: =MIN(Sheet1!$M$2055:$M$2069) -> 1.509 | N16: 2020 | O16: 13.300863 | P16: 19.095077 | Q16: 17.593024 | R16: 23.610458
A17: WAS36 | B17: 3 | C17: =AVERAGE(Sheet1!M2417:M2485) -> 17.287225 | D17: =STDEV(Sheet1!M2417:M2485) -> 8.4984606 | E17: =Sheet1!F2417 -> 1905.399 | F17: DF | G17: DF-Cliff | H17: 2020 | I17: 69 | J17: 1 | K17: =MAX(Sheet1!$M$2417:$M$2485) -> 33.746 | L17: =MIN(Sheet1!$M$2417:$M$2485) -> 2.0123333 | N17: 2020 | O17: 18.58965 | P17: 23.061469 | Q17: 18.556462 | R17: 16.955478
A18: Under42 | B18: 2 | C18: =AVERAGE(Sheet1!$M$387:$M$416) -> 10.875368 | D18: =STDEV(Sheet1!$M$387:$M$416) -> 5.3277708 | E18: =Sheet1!F387 -> 602.096 | F18: DF | G18: DF-Cliff | H18: 2021 | I18: 30 | J18: 1 | K18: =MAX(Sheet1!$M$387:$M$416) -> 20.7356 | L18: =MIN(Sheet1!$M$387:$M$416) -> 3.24525 | N18: 2020 | O18: 17.287225 | P18: 19.122547 | Q18: 13.626033 | R18: 24.71051
A19: WAS27 | B19: 2 | C19: =AVERAGE(Sheet1!M1991:M1997) -> 11.900514 | D19: =STDEV(Sheet1!M1991:M1997) -> 9.0509889 | E19: =Sheet1!F1991 -> 145.48 | F19: DF | G19: DF-Cliff | H19: 2021 | I19: 7 | J19: 1 | K19: =MAX(Sheet1!$M$1991:$M$1997) -> 24.7878 | L19: =MIN(Sheet1!$M$1991:$M$1997) -> 1.698 | N19: 2020 | Q19: 20.727198
A20: WAS03 | B20: 2 | C20: =AVERAGE(Sheet1!M2118:M2136) -> 8.6285439 | D20: =STDEV(Sheet1!M2118:M2136) -> 4.8491371 | E20: =Sheet1!F2118 -> 367.554 | F20: DF | G20: DF-Cliff | H20: 2021 | I20: 19 | J20: 1 | K20: =MAX(Sheet1!$M$2118:$M$2136) -> 19.882667 | L20: =MIN(Sheet1!$M$2118:$M$2136) -> 1.509
A21: WAS21 | B21: 2 | C21: =AVERAGE(Sheet1!M2047:M2054) -> 16.641427 | D21: =STDEV(Sheet1!M2047:M2054) -> 10.976868 | E21: =Sheet1!F2047 -> 191.793 | F21: DF | G21: DF-Cliff | H21: 2021 | I21: 8 | J21: 1 | K21: =MAX(Sheet1!$M$2047:$M$2054) -> 32.08725 | L21: =MIN(Sheet1!$M$2047:$M$2054) -> 2.0436667
A22: WAS36 | B22: 2 | C22: =AVERAGE(Sheet1!M2373:M2416) -> 13.496644 | D22: =STDEV(Sheet1!M2373:M2416) -> 6.7195139 | E22: =Sheet1!F2373 -> 1101.854 | F22: DF | G22: DF-Cliff | H22: 2021 | I22: 44 | J22: 1 | K22: =MAX(Sheet1!$M$2373:$M$2416) -> 22.430667 | L22: =MIN(Sheet1!$M$2373:$M$2416) -> 3.019
A23: Under42 | B23: 1 | C23: =AVERAGE(Sheet1!$M325:$M386) -> 12.274506 | D23: =STDEV(Sheet1!M325:M386) -> 4.9615523 | E23: =Sheet1!F325 -> 1376.001 | F23: DF | G23: DF-Cliff | H23: 2022 | I23: 62 | J23: 1 | K23: =MAX(Sheet1!$M$325:$M$386) -> 22.019 | L23: =MIN(Sheet1!$M$325:$M$386) -> 3.6155
A24: WAS27 | B24: 1 | C24: =AVERAGE(Sheet1!$M1979:$M1990) -> 12.649196 | D24: =STDEV(Sheet1!M1979:M1990) -> 8.6034348 | E24: =Sheet1!F1979 -> 245.18 | F24: DF | G24: DF-Cliff | H24: 2022 | I24: 12 | J24: 1 | K24: =MAX(Sheet1!$M$1979:$M$1990) -> 24.56625 | L24: =MIN(Sheet1!$M$1979:$M$1990) -> 1.27
A25: WAS03 | B25: 1 | C25: =AVERAGE(Sheet1!M2096:M2117) -> 11.070879 | D25: =STDEV(Sheet1!M2096:M2117) -> 6.5936219 | E25: =Sheet1!F2096 -> 420.705 | F25: DF | G25: DF-Cliff | H25: 2022 | I25: 22 | J25: 1 | K25: =MAX(Sheet1!$M$2096:$M$2117) -> 20.669333 | L25: =MIN(Sheet1!$M$2096:$M$2117) -> 1.299
A26: WAS21 | B26: 1 | C26: =AVERAGE(Sheet1!M2025:M2046) -> 15.527269 | D26: =STDEV(Sheet1!M2025:M2046) -> 10.384145 | E26: =Sheet1!F2025 -> 535.179 | F26: DF | G26: DF-Cliff | H26: 2022 | I26: 22 | J26: 1 | K26: =MAX(Sheet1!$M$2025:$M$2046) -> 33.14025 | L26: =MIN(Sheet1!$M$2025:$M$2046) -> 2.0533333
A27: WAS36 | B27: 1 | C27: =AVERAGE(Sheet1!M2329:M2372) -> 15.460992 | D27: =STDEV(Sheet1!M2329:M2372) -> 8.7100957 | E27: =Sheet1!F2329 -> 1209.663 | F27: DF | G27: DF-Cliff | H27: 2022 | I27: 44 | J27: 1 | K27: =MAX(Sheet1!$M$2329:$M$2372) -> 28.360333 | L27: =MIN(Sheet1!$M$2329:$M$2372) -> 3.05
A29: WAS49 | B29: 1 | C29: =AVERAGE(Sheet1!M867:M912) -> 19.969505 | D29: =STDEV(Sheet1!M867:M912) -> 10.627503 | E29: =Sheet1!F867 -> 1323.574 | F29: DF | G29: DF-Soil | H29: 2022 | I29: 46 | J29: 2 | K29: =MAX(Sheet1!$M$867:$M$912) -> 33.0615 | L29: =MIN(Sheet1!$M$867:$M$912) -> 2.67225
A30: GT-1 | B30: 5 | C30: =AVERAGE(Sheet1!$M1196:$M1213) -> 13.983009 | D30: =STDEV(Sheet1!$M1196:$M1213) -> 7.8470613 | E30: =Sheet1!F1196 -> 452.085 | F30: DF | G30: DF-Soil | H30: 2016 | I30: 18 | J30: 2 | K30: =MAX(Sheet1!$M$1196:$M$1213) -> 25.011333 | L30: =MIN(Sheet1!$M$1196:$M$1213) -> 3.2703333
A31: GT-1 | B31: 4 | C31: =AVERAGE(Sheet1!$M1167:$M1195) -> 14.756109 | D31: =STDEV(Sheet1!$M1167:$M1195) -> 8.3993394 | E31: =Sheet1!F1167 -> 420.935 | F31: DF | G31: DF-Soil | H31: 2017 | I31: 29 | J31: 2 | K31: =MAX(Sheet1!$M$1167:$M$1195) -> 32.321333 | L31: =MIN(Sheet1!$M$1167:$M$1195) -> 3.019
A32: WAS61 | B32: 5 | C32: =AVERAGE(Sheet1!$M4192:$M4240) -> 21.860133 | D32: =STDEV(Sheet1!$M4192:$M4240) -> 10.188186 | E32: =Sheet1!F4192 -> 1439.465 | F32: DF | G32: DF-Soil | H32: 2017 | I32: 49 | J32: 2 | K32: =MAX(Sheet1!$M$4192:$M$4240) -> 34.3605 | L32: =MIN(Sheet1!$M$4192:$M$4240) -> 1.509
A33: GT-3 | B33: 5 | C33: =AVERAGE(Sheet1!$M1366:$M1396) -> 24.165247 | D33: =STDEV(Sheet1!$M1366:$M1396) -> 10.598889 | E33: =Sheet1!F1366 -> 1064.767 | F33: DF | G33: DF-Soil | H33: 2017 | I33: 31 | J33: 2 | K33: =MAX(Sheet1!$M$1366:$M$1396) -> 37.248 | L33: =MIN(Sheet1!$M$1366:$M$1396) -> 3.396
A34: WAS49 | B34: 5 | C34: =AVERAGE(Sheet1!M1027:M1083) -> 20.37737 | D34: =STDEV(Sheet1!M1027:M1083) -> 12.436045 | E34: =Sheet1!F1027 -> 1627.582 | F34: DF | G34: DF-Soil | H34: 2018 | I34: 57 | J34: 2 | K34: =MAX(Sheet1!$M$1027:$M$1083) -> 35.78475 | L34: =MIN(Sheet1!$M$1027:$M$1083) -> 1.509
A35: GT-1 | B35: 3 | C35: =AVERAGE(Sheet1!M1143:M1166) -> 16.757326 | D35: =STDEV(Sheet1!M1143:M1166) -> 9.0738562 | E35: =Sheet1!F1143 -> 639.045 | F35: DF | G35: DF-Soil | H35: 2018 | I35: 24 | J35: 2 | K35: =MAX(Sheet1!$M$1143:$M$1166) -> 28.098667 | L35: =MIN(Sheet1!$M$1143:$M$1166) -> 3.1395
A36: WAS61 | B36: 4 | C36: =AVERAGE(Sheet1!$M4125:$M4191) -> 14.991075 | D36: =STDEV(Sheet1!$M4125:$M4191) -> 10.976248 | E36: =Sheet1!F4125 -> 1788.031 | F36: DF | G36: DF-Soil | H36: 2018 | I36: 67 | J36: 2 | K36: =MAX(Sheet1!$M$4125:$M$4191) -> 37.812 | L36: =MIN(Sheet1!$M$4125:$M$4191) -> 1.5985
A37: GT-3 | B37: 4 | C37: =AVERAGE(Sheet1!$M1326:$M1365) -> 24.435987 | D37: =STDEV(Sheet1!$M1326:$M1365) -> 10.61986 | E37: =Sheet1!F1326 -> 1274.031 | F37: DF | G37: DF-Soil | H37: 2018 | I37: 40 | J37: 2 | K37: =MAX(Sheet1!$M$1326:$M$1365) -> 40.285333 | L37: =MIN(Sheet1!$M$1326:$M$1365) -> 2.264
A38: GT-4 | B38: 3 | C38: =AVERAGE(Sheet1!$M2989:$M3088) -> 13.54128 | D38: =STDEV(Sheet1!$M2989:$M3088) -> 8.8310435 | E38: =Sheet1!F2989 -> 2620.428 | F38: DF | G38: DF-Soil | H38: 2018 | I38: 100 | J38: 2 | K38: =MAX(Sheet1!$M$2989:$M$3088) -> 36.6665 | L38: =MIN(Sheet1!$M$2989:$M$3088) -> 4.9325
A39: WAS49 | B39: 4 | C39: =AVERAGE(Sheet1!M970:M1026) -> 20.470963 | D39: =STDEV(Sheet1!M970:M1026) -> 10.74954 | E39: =Sheet1!F970 -> 1538.623 | F39: DF | G39: DF-Soil | H39: 2019 | I39: 57 | J39: 2 | K39: =MAX(Sheet1!$M$970:$M$1026) -> 38.19275 | L39: =MIN(Sheet1!$M$970:$M$1026) -> 1.132
A40: GT-1 | B40: 2 | C40: =AVERAGE(Sheet1!M1110:M1142) -> 17.243389 | D40: =STDEV(Sheet1!M1110:M1142) -> 7.745381 | E40: =Sheet1!F1110 -> 629.78 | F40: DF | G40: DF-Soil | H40: 2019 | I40: 32 | J40: 2 | K40: =MAX(Sheet1!$M$1110:$M$1142) -> 27.082667 | L40: =MIN(Sheet1!$M$1110:$M$1142) -> 2.0126667
A41: WAS61 | B41: 3 | C41: =AVERAGE(Sheet1!$M4041:$M4124) -> 17.729214 | D41: =STDEV(Sheet1!$M4041:$M4124) -> 8.7688025 | E41: =Sheet1!F4041 -> 2419.83 | F41: DF | G41: DF-Soil | H41: 2019 | I41: 84 | J41: 2 | K41: =MAX(Sheet1!$M$4041:$M$4124) -> 30.6835 | L41: =MIN(Sheet1!$M$4041:$M$4124) -> 3.4275
A42: GT-3 | B42: 3 | C42: =AVERAGE(Sheet1!$M1290:$M1325) -> 27.155477 | D42: =STDEV(Sheet1!$M1290:$M1325) -> 10.604617 | E42: =Sheet1!F1290 -> 1309.314 | F42: DF | G42: DF-Soil | H42: 2019 | I42: 36 | J42: 2 | K42: =MAX(Sheet1!$M$1290:$M$1325) -> 39.15 | L42: =MIN(Sheet1!$M$1290:$M$1325) -> 6.0376667
A43: GT-4 | B43: 2 | C43: =AVERAGE(Sheet1!$M2858:$M2988) -> 20.005875 | D43: =STDEV(Sheet1!$M2858:$M2988) -> 10.078924 | E43: =Sheet1!F2858 -> 3872.019 | F43: DF | G43: DF-Soil | H43: 2019 | I43: 131 | J43: 2 | K43: =MAX(Sheet1!$M$2858:$M$2988) -> 39.519667 | L43: =MIN(Sheet1!$M$2858:$M$2988) -> 3.7733333
A44: WAS49 | B44: 3 | C44: =AVERAGE(Sheet1!M945:M969) -> 17.37445 | D44: =STDEV(Sheet1!M945:M969) -> 10.712472 | E44: =Sheet1!F945 -> 638.173 | F44: DF | G44: DF-Soil | H44: 2020 | I44: 25 | J44: 2 | K44: =MAX(Sheet1!$M$945:$M$969) -> 31.94525 | L44: =MIN(Sheet1!$M$945:$M$969) -> 2.264
A45: GT-1 | B45: 1 | C45: =AVERAGE(Sheet1!M1084:M1109) -> 17.211276 | D45: =STDEV(Sheet1!M1084:M1109) -> 9.3910904 | E45: =Sheet1!F1084 -> 829.447 | F45: DF | G45: DF-Soil | H45: 2020 | I45: 26 | J45: 2 | K45: =MAX(Sheet1!$M$1084:$M$1109) -> 30.003 | L45: =MIN(Sheet1!$M$1084:$M$1109) -> 3.4335
A46: WAS61 | B46: 2 | C46: =AVERAGE(Sheet1!$M3953:$M4040) -> 19.095077 | D46: =STDEV(Sheet1!$M3953:$M4040) -> 9.9329619 | E46: =Sheet1!F3953 -> 2565.377 | F46: DF | G46: DF-Soil | H46: 2020 | I46: 88 | J46: 2 | K46: =MAX(Sheet1!$M$3953:$M$4040) -> 36.508 | L46: =MIN(Sheet1!$M$3953:$M$4040) -> 0.755
A47: GT-3 | B47: 2 | C47: =AVERAGE(Sheet1!$M1247:$M1289) -> 23.061469 | D47: =STDEV(Sheet1!$M1247:$M1289) -> 12.078368 | E47: =Sheet1!F1247 -> 1445.727 | F47: DF | G47: DF-Soil | H47: 2020 | I47: 43 | J47: 2 | K47: =MAX(Sheet1!$M$1247:$M$1289) -> 40.030667 | L47: =MIN(Sheet1!$M$1247:$M$1289) -> 1.509
A48: GT-4 | B48: 1 | C48: =AVERAGE(Sheet1!$M2752:$M2850) -> 19.122547 | D48: =STDEV(Sheet1!$M2752:$M2850) -> 11.711656 | E48: =Sheet1!F2752 -> 2967.5532 | F48: DF | G48: DF-Soil | H48: 2020 | I48: 106 | J48: 2 | K48: =MAX(Sheet1!$M$2752:$M$2857) -> 40.017557 | L48: =MIN(Sheet1!$M$2752:$M$2857) -> 1.132
A49: WAS49 | B49: 2 | C49: =AVERAGE(Sheet1!M913:M944) -> 17.682638 | D49: =STDEV(Sheet1!M913:M944) -> 10.014353 | E49: =Sheet1!F913 -> 796.276 | F49: DF | G49: DF-Soil | H49: 2021 | I49: 32 | J49: 2 | K49: =MAX(Sheet1!$M$913:$M$944) -> 30.267 | L49: =MIN(Sheet1!$M$913:$M$944) -> 1.8203333
A50: WAS61 | B50: 1 | C50: =AVERAGE(Sheet1!$M3884:$M3952) -> 17.280457 | D50: =STDEV(Sheet1!$M3884:$M3952) -> 9.5834022 | E50: =Sheet1!F3884 -> 1849.748 | F50: DF | G50: DF-Soil | H50: 2021 | I50: 69 | J50: 2 | K50: =MAX(Sheet1!$M$3884:$M$3952) -> 31.7465 | L50: =MIN(Sheet1!$M$3884:$M$3952) -> 1.509
A51: GT-3 | B51: 1 | C51: =AVERAGE(Sheet1!$M1214:$M1246) -> 23.764136 | D51: =STDEV(Sheet1!$M1214:$M1246) -> 13.426803 | E51: =Sheet1!F1214 -> 1100.974 | F51: DF | G51: DF-Soil | H51: 2021 | I51: 33 | J51: 2 | K51: =MAX(Sheet1!$M$1214:$M$1246) -> 42.308667 | L51: =MIN(Sheet1!$M$1214:$M$1246) -> 3.019
A53: WAS51 | B53: 8 | C53: =AVERAGE(Sheet1!$Q314:$Q323) -> 13.853288 | D53: =STDEV(Sheet1!$Q314:$Q323) -> 5.6088404 | E53: =Sheet1!V196 -> 200.31321 | F53: ES | G53: ES-Cliff | H53: 2015 | I53: 10 | J53: 3 | K53: =MAX(Sheet1!$Q$314:$Q$323) -> 19.473358 | L53: =MIN(Sheet1!$Q$314:$Q$323) -> 3.2952453
A54: WAS51 | B54: 7 | C54: =AVERAGE(Sheet1!$Q307:$Q313) -> 14.568992 | D54: =STDEV(Sheet1!$Q307:$Q313) -> 8.4965195 | E54: =Sheet1!V195 -> 131.14038 | F54: ES | G54: ES-Cliff | H54: 2016 | I54: 7 | J54: 3 | K54: =MAX(Sheet1!$Q$307:$Q$313) -> 24.24634 | L54: =MIN(Sheet1!$Q$307:$Q$313) -> 3.776
A55: WAS42 | B55: 5 | C55: =AVERAGE(Sheet1!$M3166:$M3179) -> 16.871452 | D55: =STDEV(Sheet1!$M3166:$M3179) -> 8.9153321 | E55: =Sheet1!F3166 -> 352.505 | F55: ES | G55: ES-Cliff | H55: 2016 | I55: 14 | J55: 3 | K55: =MAX(Sheet1!$M$3166:$M$3179) -> 29.981667 | L55: =MIN(Sheet1!$M$3166:$M$3179) -> 1.761
A56: WAS51 | B56: 6 | C56: =AVERAGE(Sheet1!$Q295:$Q306) -> 16.094189 | D56: =STDEV(Sheet1!$Q295:$Q306) -> 6.2724703 | E56: =Sheet1!V194 -> 257.57509 | F56: ES | G56: ES-Cliff | H56: 2017 | I56: 12 | J56: 3 | K56: =MAX(Sheet1!$Q$295:$Q$306) -> 22.931321 | L56: =MIN(Sheet1!$Q$295:$Q$306) -> 3.6626415
A57: WAS50 | B57: 5 | C57: =AVERAGE(Sheet1!$M2716:$M2751) -> 17.857755 | D57: =STDEV(Sheet1!$M2716:$M2751) -> 7.6766712 | E57: =Sheet1!F2716 -> 971.39 | F57: ES | G57: ES-Cliff | H57: 2017 | I57: 36 | J57: 3 | K57: =MAX(Sheet1!$M$2716:$M$2751) -> 28.943 | L57: =MIN(Sheet1!$M$2716:$M$2751) -> 1.8865
A58: WAS42 | B58: 4 | C58: =AVERAGE(Sheet1!$M3152:$M3165) -> 18.013833 | D58: =STDEV(Sheet1!$M3152:$M3165) -> 7.6141406 | E58: =Sheet1!F3152 -> 358.694 | F58: ES | G58: ES-Cliff | H58: 2017 | I58: 14 | J58: 3 | K58: =MAX(Sheet1!$M$3152:$M$3165) -> 29.093 | L58: =MIN(Sheet1!$M$3152:$M$3165) -> 3.608
A59: WAS04 | B59: 5 | C59: =AVERAGE(Sheet1!$M550:$M566) -> 21.582157 | D59: =STDEV(Sheet1!$M550:$M566) -> 13.947702 | E59: =Sheet1!F550 -> 506.305 | F59: ES | G59: ES-Cliff | H59: 2017 | I59: 17 | J59: 3 | K59: =MAX(Sheet1!$M$550:$M$566) -> 39.120667 | L59: =MIN(Sheet1!$M$550:$M$566) -> 3.774
A60: AboveP1 | B60: 5 | C60: =AVERAGE(Sheet1!$Q148:$Q188) -> 16.094877 | D60: =STDEV(Sheet1!$Q148:$Q188) -> 6.7810248 | E60: =Sheet1!V7 -> 914.2717 | F60: ES | G60: ES-Cliff | H60: 2018 | I60: 41 | J60: 3 | K60: =MAX(Sheet1!$Q$148:$Q$188) -> 27.343849 | L60: =MIN(Sheet1!$Q$148:$Q$188) -> 3.0433208
A61: WAS51 | B61: 5 | C61: =AVERAGE(Sheet1!$Q280:$Q294) -> 15.521469 | D61: =STDEV(Sheet1!$Q280:$Q294) -> 6.7684806 | E61: =Sheet1!V193 -> 310.91623 | F61: ES | G61: ES-Cliff | H61: 2018 | I61: 15 | J61: 3 | K61: =MAX(Sheet1!$Q$280:$Q$294) -> 22.858415 | L61: =MIN(Sheet1!$Q$280:$Q$294) -> 3.5213585
A62: WAS50 | B62: 4 | C62: =AVERAGE(Sheet1!$M2694:$M2715) -> 17.825833 | D62: =STDEV(Sheet1!$M2694:$M2715) -> 9.3936441 | E62: =Sheet1!F2694 -> 574.278 | F62: ES | G62: ES-Cliff | H62: 2018 | I62: 22 | J62: 3 | K62: =MAX(Sheet1!$M$2694:$M$2715) -> 28.478667 | L62: =MIN(Sheet1!$M$2694:$M$2715) -> 2.5156667
A63: WAS42 | B63: 3 | C63: =AVERAGE(Sheet1!$M3133:$M3151) -> 14.272132 | D63: =STDEV(Sheet1!$M3133:$M3151) -> 7.651091 | E63: =Sheet1!F3133 -> 398.493 | F63: ES | G63: ES-Cliff | H63: 2018 | I63: 19 | J63: 3 | K63: =MAX(Sheet1!$M$3133:$M$3151) -> 24.694667 | L63: =MIN(Sheet1!$M$3133:$M$3151) -> 1.8865
A64: WAS01 | B64: 5 | C64: =AVERAGE(Sheet1!$M3233:$M3240) -> 12.992458 | D64: =STDEV(Sheet1!$M3233:$M3240) -> 7.2756862 | E64: =Sheet1!F3233 -> 151.313 | F64: ES | G64: ES-Cliff | H64: 2018 | I64: 8 | J64: 3 | K64: =MAX(Sheet1!$M$3233:$M$3240) -> 21.527 | L64: =MIN(Sheet1!$M$3233:$M$3240) -> 3.01875
A65: WAS04 | B65: 4 | C65: =AVERAGE(Sheet1!$M534:$M549) -> 19.201417 | D65: =STDEV(Sheet1!$M534:$M549) -> 11.829345 | E65: =Sheet1!F534 -> 488.181 | F65: ES | G65: ES-Cliff | H65: 2018 | I65: 16 | J65: 3 | K65: =MAX(Sheet1!$M$534:$M$549) -> 35.932667 | L65: =MIN(Sheet1!$M$534:$M$549) -> 4.3035
A66: AboveP1 | B66: 4 | C66: =AVERAGE(Sheet1!$Q112:$Q147) -> 13.27749 | D66: =STDEV(Sheet1!$Q112:$Q147) -> 5.2471106 | E66: =Sheet1!V6 -> 723.35019 | F66: ES | G66: ES-Cliff | H66: 2019 | I66: 36 | J66: 3 | K66: =MAX(Sheet1!$Q$112:$Q$147) -> 24.304453 | L66: =MIN(Sheet1!$Q$112:$Q$147) -> 3.4175094
A67: WAS51 | B67: 4 | C67: =AVERAGE(Sheet1!$Q260:$Q279) -> 14.580525 | D67: =STDEV(Sheet1!$Q260:$Q279) -> 6.1672039 | E67: =Sheet1!V192 -> 441.85283 | F67: ES | G67: ES-Cliff | H67: 2019 | I67: 20 | J67: 3 | K67: =MAX(Sheet1!$Q$260:$Q$279) -> 25.198189 | L67: =MIN(Sheet1!$Q$260:$Q$279) -> 3.1628679
A68: WAS50 | B68: 3 | C68: =AVERAGE(Sheet1!$M2667:$M2693) -> 16.813623 | D68: =STDEV(Sheet1!$M2667:$M2693) -> 8.685654 | E68: =Sheet1!F2667 -> 696.831 | F68: ES | G68: ES-Cliff | H68: 2019 | I68: 27 | J68: 3 | K68: =MAX(Sheet1!$M$2667:$M$2693) -> 29.833667 | L68: =MIN(Sheet1!$M$2667:$M$2693) -> 1.509
A69: WAS42 | B69: 2 | C69: =AVERAGE(Sheet1!$M3115:$M3132) -> 19.230213 | D69: =STDEV(Sheet1!$M3115:$M3132) -> 7.6116196 | E69: =Sheet1!F3115 -> 438.491 | F69: ES | G69: ES-Cliff | H69: 2019 | I69: 18 | J69: 3 | K69: =MAX(Sheet1!$M$3115:$M$3132) -> 28.7415 | L69: =MIN(Sheet1!$M$3115:$M$3132) -> 2.6415
A70: WAS01 | B70: 4 | C70: =AVERAGE(Sheet1!$M3225:$M3232) -> 14.189708 | D70: =STDEV(Sheet1!$M3225:$M3232) -> 8.4345949 | E70: =Sheet1!F3225 -> 147.116 | F70: ES | G70: ES-Cliff | H70: 2019 | I70: 8 | J70: 3 | K70: =MAX(Sheet1!$M$3225:$M$3232) -> 22.210667 | L70: =MIN(Sheet1!$M$3225:$M$3232) -> 0.755
A71: WAS04 | B71: 3 | C71: =AVERAGE(Sheet1!$M519:$M533) -> 18.891978 | D71: =STDEV(Sheet1!$M519:$M533) -> 12.066962 | E71: =Sheet1!F519 -> 446.56 | F71: ES | G71: ES-Cliff | H71: 2019 | I71: 15 | J71: 3 | K71: =MAX(Sheet1!$M$519:$M$533) -> 38.202 | L71: =MIN(Sheet1!$M$519:$M$533) -> 4.617
A72: AboveP1 | B72: 3 | C72: =AVERAGE(Sheet1!$Q86:$Q111) -> 14.374112 | D72: =STDEV(Sheet1!$Q86:$Q111) -> 5.9377308 | E72: =Sheet1!V5 -> 575.53811 | F72: ES | G72: ES-Cliff | H72: 2020 | I72: 26 | J72: 3 | K72: =MAX(Sheet1!$Q$86:$Q$111) -> 23.498566 | L72: =MIN(Sheet1!$Q$86:$Q$111) -> 3.5213585
A73: WAS51 | B73: 3 | C73: =AVERAGE(Sheet1!$Q237:$Q259) -> 16.83736 | D73: =STDEV(Sheet1!$Q237:$Q259) -> 6.15989 | E73: =Sheet1!V191 -> 522.93736 | F73: ES | G73: ES-Cliff | H73: 2020 | I73: 23 | J73: 3 | K73: =MAX(Sheet1!$Q$237:$Q$259) -> 26.434717 | L73: =MIN(Sheet1!$Q$237:$Q$259) -> 4.890717
A74: WAS50 | B74: 2 | C74: =AVERAGE(Sheet1!$M2639:$M2666) -> 17.593024 | D74: =STDEV(Sheet1!$M2639:$M2666) -> 10.365139 | E74: =Sheet1!F2639 -> 696.582 | F74: ES | G74: ES-Cliff | H74: 2020 | I74: 28 | J74: 3 | K74: =MAX(Sheet1!$M$2639:$M$2666) -> 32.532 | L74: =MIN(Sheet1!$M$2639:$M$2666) -> 0.755
A75: WAS42 | B75: 1 | C75: =AVERAGE(Sheet1!$M3089:$M3114) -> 18.556462 | D75: =STDEV(Sheet1!$M3089:$M3114) -> 9.4770481 | E75: =Sheet1!F3089 -> 654.758 | F75: ES | G75: ES-Cliff | H75: 2020 | I75: 26 | J75: 3 | K75: =MAX(Sheet1!$M$3089:$M$3114) -> 37.247667 | L75: =MIN(Sheet1!$M$3089:$M$3114) -> 3.019
A76: WAS01 | B76: 3 | C76: =AVERAGE(Sheet1!$M3215:$M3224) -> 13.626033 | D76: =STDEV(Sheet1!$M3215:$M3224) -> 8.5218419 | E76: =Sheet1!F3215 -> 235.806 | F76: ES | G76: ES-Cliff | H76: 2020 | I76: 10 | J76: 3 | K76: =MAX(Sheet1!$M$3215:$M$3224) -> 22.52525 | L76: =MIN(Sheet1!$M$3215:$M$3224) -> 1.50925
A77: WAS04 | B77: 2 | C77: =AVERAGE(Sheet1!$M498:$M518) -> 20.727198 | D77: =STDEV(Sheet1!$M498:$M518) -> 12.227718 | E77: =Sheet1!F498 -> 679.536 | F77: ES | G77: ES-Cliff | H77: 2020 | I77: 21 | J77: 3 | K77: =MAX(Sheet1!$M$498:$M$518) -> 40.635 | L77: =MIN(Sheet1!$M$498:$M$518) -> 4.2735
A78: AboveP1 | B78: 2 | C78: =AVERAGE(Sheet1!$Q45:$Q85) -> 16.358922 | D78: =STDEV(Sheet1!$Q45:$Q85) -> 6.3094198 | E78: =Sheet1!V4 -> 912.96679 | F78: ES | G78: ES-Cliff | H78: 2021 | I78: 41 | J78: 3 | K78: =MAX(Sheet1!$Q$45:$Q$85) -> 27.442264 | L78: =MIN(Sheet1!$Q$45:$Q$85) -> 3.7699623
A79: WAS51 | B79: 2 | C79: =AVERAGE(Sheet1!$Q211:$Q236) -> 15.021411 | D79: =STDEV(Sheet1!$Q211:$Q236) -> 4.3540783 | E79: =Sheet1!V190 -> 552.88151 | F79: ES | G79: ES-Cliff | H79: 2021 | I79: 26 | J79: 3 | K79: =MAX(Sheet1!$Q$211:$Q$236) -> 21.463396 | L79: =MIN(Sheet1!$Q$211:$Q$236) -> 5.0006038
A80: WAS50 | B80: 1 | C80: =AVERAGE(Sheet1!$M2610:$M2638) -> 18.277672 | D80: =STDEV(Sheet1!$M2610:$M2638) -> 7.4878935 | E80: =Sheet1!F2610 -> 685.983 | F80: ES | G80: ES-Cliff | H80: 2021 | I80: 29 | J80: 3 | K80: =MAX(Sheet1!$M$2610:$M$2638) -> 27.095667 | L80: =MIN(Sheet1!$M$2610:$M$2638) -> 1.2576667
A81: WAS01 | B81: 2 | C81: =AVERAGE(Sheet1!$M3199:$M3214) -> 8.9532917 | D81: =STDEV(Sheet1!$M3199:$M3214) -> 7.451866 | E81: =Sheet1!F3199 -> 280.914 | F81: ES | G81: ES-Cliff | H81: 2021 | I81: 16 | J81: 3 | K81: =MAX(Sheet1!$M$3199:$M$3214) -> 22.749 | L81: =MIN(Sheet1!$M$3199:$M$3214) -> 1.0063333
A82: WAS04 | B82: 1 | C82: =AVERAGE(Sheet1!$M481:$M497) -> 21.653922 | D82: =STDEV(Sheet1!$M481:$M497) -> 11.985394 | E82: =Sheet1!F481 -> 525.581 | F82: ES | G82: ES-Cliff | H82: 2021 | I82: 17 | J82: 3 | K82: =MAX(Sheet1!$M$481:$M$497) -> 36.127 | L82: =MIN(Sheet1!$M$481:$M$497) -> 3.202
A83: AboveP1 | B83: 1 | C83: =AVERAGE(Sheet1!$Q3:$Q44) -> 15.347377 | D83: =STDEV(Sheet1!$Q3:$Q44) -> 6.6433042 | E83: =Sheet1!V3 -> 912.41811 | F83: ES | G83: ES-Cliff | H83: 2022 | I83: 42 | J83: 3 | K83: =MAX(Sheet1!$Q$3:$Q$44) -> 25.720604 | L83: =MIN(Sheet1!$Q$3:$Q$44) -> 3.2433208
A84: WAS51 | B84: 1 | C84: =AVERAGE(Sheet1!$Q189:$Q210) -> 11.267261 | D84: =STDEV(Sheet1!$Q189:$Q210) -> 2.6574503 | E84: =Sheet1!V189 -> 430.10792 | F84: ES | G84: ES-Cliff | H84: 2022 | I84: 22 | J84: 3 | K84: =MAX(Sheet1!$Q$189:$Q$210) -> 15.602264 | L84: =MIN(Sheet1!$Q$189:$Q$210) -> 4.6651572
A85: WAS01 | B85: 1 | C85: =AVERAGE(Sheet1!$M3180:$M3198) -> 11.717711 | D85: =STDEV(Sheet1!$M3180:$M3198) -> 7.7314619 | E85: =Sheet1!F3180 -> 427.016 | F85: ES | G85: ES-Cliff | H85: 2022 | I85: 19 | J85: 3 | K85: =MAX(Sheet1!$M$3180:$M$3198) -> 27.80475 | L85: =MIN(Sheet1!$M$3180:$M$3198) -> 2.0755
A87: WAS63 | B87: 5 | C87: =AVERAGE(Sheet1!$M804:$M866) -> 19.223074 | D87: =STDEV(Sheet1!$M804:$M866) -> 8.630843 | E87: =Sheet1!F804 -> 1645.683 | F87: ES | G87: ES-Soil | H87: 2017 | I87: 63 | J87: 4 | K87: =MAX(Sheet1!$M$804:$M$866) -> 31.824 | L87: =MIN(Sheet1!$M$804:$M$866) -> 0.755
A88: WAS64 | B88: 5 | C88: =AVERAGE(Sheet1!$M3819:$M3883) -> 23.322026 | D88: =STDEV(Sheet1!$M3819:$M3883) -> 10.334028 | E88: =Sheet1!F3819 -> 2159.468 | F88: ES | G88: ES-Soil | H88: 2017 | I88: 65 | J88: 4 | K88: =MAX(Sheet1!$M$3819:$M$3883) -> 42.445667 | L88: =MIN(Sheet1!$M$3819:$M$3883) -> 1.8865
A89: WAS63 | B89: 4 | C89: =AVERAGE(Sheet1!$M756:$M803) -> 21.465708 | D89: =STDEV(Sheet1!$M756:$M803) -> 8.9615694 | E89: =Sheet1!F756 -> 1439.234 | F89: ES | G89: ES-Soil | H89: 2018 | I89: 48 | J89: 4 | K89: =MAX(Sheet1!$M$756:$M$803) -> 33.974 | L89: =MIN(Sheet1!$M$756:$M$803) -> 3.7736667
A90: WAS64 | B90: 4 | C90: =AVERAGE(Sheet1!$M3754:$M3818) -> 25.936018 | D90: =STDEV(Sheet1!$M3754:$M3818) -> 11.744948 | E90: =Sheet1!F3754 -> 2267.21 | F90: ES | G90: ES-Soil | H90: 2018 | I90: 65 | J90: 4 | K90: =MAX(Sheet1!$M$3754:$M$3818) -> 41.640667 | L90: =MIN(Sheet1!$M$3754:$M$3818) -> 2.6785
A91: WAS48 | B91: 5 | C91: =AVERAGE(Sheet1!$M3436:$M3494) -> 26.707929 | D91: =STDEV(Sheet1!$M3436:$M3494) -> 10.23498 | E91: =Sheet1!F3436 -> 2113.223 | F91: ES | G91: ES-Soil | H91: 2018 | I91: 59 | J91: 4 | K91: =MAX(Sheet1!$M$3436:$M$3494) -> 39.865667 | L91: =MIN(Sheet1!$M$3436:$M$3494) -> 2.264
A92: WAS57 | B92: 5 | C92: =AVERAGE(Sheet1!$M4445:$M4512) -> 17.833956 | D92: =STDEV(Sheet1!$M4445:$M4512) -> 7.2467892 | E92: =Sheet1!F4445 -> 1873.779 | F92: ES | G92: ES-Soil | H92: 2018 | I92: 68 | J92: 4 | K92: =MAX(Sheet1!$M$4445:$M$4512) -> 36.422 | L92: =MIN(Sheet1!$M$4445:$M$4512) -> 1.509
A93: WAS65 | B93: 7 | C93: =AVERAGE(Sheet1!$M1910:$M1978) -> 23.210524 | D93: =STDEV(Sheet1!$M1910:$M1978) -> 9.0786829 | E93: 2262.25 | F93: ES | G93: ES-Soil | H93: 2018 | I93: 69 | J93: 4 | K93: =MAX(Sheet1!$M$1910:$M$1978) -> 40.786 | L93: =MIN(Sheet1!$M$1910:$M$1978) -> 3.0186667
A94: WAS63 | B94: 3 | C94: =AVERAGE(Sheet1!$M694:$M755) -> 21.464414 | D94: =STDEV(Sheet1!$M694:$M755) -> 9.5421955 | E94: =Sheet1!F694 -> 1832.023 | F94: ES | G94: ES-Soil | H94: 2019 | I94: 62 | J94: 4 | K94: =MAX(Sheet1!$M$694:$M$755) -> 34.978333 | L94: =MIN(Sheet1!$M$694:$M$755) -> 3.019
A95: WAS64 | B95: 3 | C95: =AVERAGE(Sheet1!$M3659:$M3753) -> 25.061249 | D95: =STDEV(Sheet1!$M3659:$M3753) -> 11.220504 | E95: =Sheet1!F3659 -> 3176.452 | F95: ES | G95: ES-Soil | H95: 2019 | I95: 95 | J95: 4 | K95: =MAX(Sheet1!$M$3659:$M$3753) -> 42.376 | L95: =MIN(Sheet1!$M$3659:$M$3753) -> 2.387
A96: WAS48 | B96: 4 | C96: =AVERAGE(Sheet1!$M3381:$M3435) -> 26.164724 | D96: =STDEV(Sheet1!$M3381:$M3435) -> 11.210633 | E96: =Sheet1!F3381 -> 2029.171 | F96: ES | G96: ES-Soil | H96: 2019 | I96: 55 | J96: 4 | K96: =MAX(Sheet1!$M$3381:$M$3435) -> 41.946 | L96: =MIN(Sheet1!$M$3381:$M$3435) -> 1.0063333
A97: WAS57 | B97: 4 | C97: =AVERAGE(Sheet1!$M4370:$M4444) -> 19.83032 | D97: =STDEV(Sheet1!$M4370:$M4444) -> 9.0795394 | E97: =Sheet1!F4370 -> 2039.816 | F97: ES | G97: ES-Soil | H97: 2019 | I97: 75 | J97: 4 | K97: =MAX(Sheet1!$M$4370:$M$4444) -> 36.352 | L97: =MIN(Sheet1!$M$4370:$M$4444) -> 0.755
A98: WAS65 | B98: 6 | C98: =AVERAGE(Sheet1!$M1816:$M1909) -> 26.653152 | D98: =STDEV(Sheet1!$M1816:$M1909) -> 9.2388498 | E98: =Sheet1!F1816 -> 3387.25 | F98: ES | G98: ES-Soil | H98: 2019 | I98: 94 | J98: 4 | K98: =MAX(Sheet1!$M$1816:$M$1909) -> 41.9485 | L98: =MIN(Sheet1!$M$1816:$M$1909) -> 3.019
A99: WAS63 | B99: 2 | C99: =AVERAGE(Sheet1!$M621:$M693) -> 21.886671 | D99: =STDEV(Sheet1!$M621:$M693) -> 8.1173969 | E99: =Sheet1!F621 -> 2179.725 | F99: ES | G99: ES-Soil | H99: 2020 | I99: 73 | J99: 4 | K99: =MAX(Sheet1!$M$621:$M$693) -> 35.89 | L99: =MIN(Sheet1!$M$621:$M$693) -> 3.774
A100: WAS64 | B100: 2 | C100: =AVERAGE(Sheet1!$M3564:$M3658) -> 22.191828 | D100: =STDEV(Sheet1!$M3564:$M3658) -> 11.137275 | E100: =Sheet1!F3564 -> 2932.554 | F100: ES | G100: ES-Soil | H100: 2020 | I100: 95 | J100: 4 | K100: =MAX(Sheet1!$M$3564:$M$3658) -> 37.553667 | L100: =MIN(Sheet1!$M$3564:$M$3658) -> 1.2576667
A101: WAS48 | B101: 3 | C101: =AVERAGE(Sheet1!$M3322:$M3380) -> 23.610458 | D101: =STDEV(Sheet1!$M3322:$M3380) -> 9.162469 | E101: =Sheet1!F3322 -> 2028.782 | F101: ES | G101: ES-Soil | H101: 2020 | I101: 59 | J101: 4 | K101: =MAX(Sheet1!$M$3322:$M$3380) -> 36.732 | L101: =MIN(Sheet1!$M$3322:$M$3380) -> 1.7606667
A102: WAS57 | B102: 3 | C102: =AVERAGE(Sheet1!$M4324:$M4369) -> 16.955478 | D102: =STDEV(Sheet1!$M4324:$M4369) -> 9.1065713 | E102: =Sheet1!F4324 -> 1250.271 | F102: ES | G102: ES-Soil | H102: 2020 | I102: 46 | J102: 4 | K102: =MAX(Sheet1!$M$4324:$M$4369) -> 39.426 | L102: =MIN(Sheet1!$M$4324:$M$4369) -> 3.019
A103: WAS65 | B103: 5 | C103: =AVERAGE(Sheet1!$M1731:$M1815) -> 24.71051 | D103: =STDEV(Sheet1!$M1731:$M1815) -> 9.1828013 | E103: =Sheet1!F1731 -> 2886.19 | F103: ES | G103: ES-Soil | H103: 2020 | I103: 85 | J103: 4 | K103: =MAX(Sheet1!$M$1731:$M$1815) -> 40.256667 | L103: =MIN(Sheet1!$M$1731:$M$1815) -> 2.3236667
...

Sheet Average CW #2
A1: Tree | B1: Ring | C1: Average Cell Width | D1: SD | E1: Ring Width | F1: Species | G1: Group | H1: Year | I1: Number of Rings | J1: Category | K1: Max | L1: Min | N1: Year | O1: DF-Cliff | P1: DF-Soil | Q1: ES-Cliff | R1: ES-Soil | T1: DF-Cliff | U1: DF-Soil | V1: ES-Cliff | W1: ES-Soil
A2: WAS27 | B2: 6 | C2: =AVERAGE(Sheet1!M2019:M2024) -> 13.374433 | D2: =STDEV(Sheet1!M2019:M2024) -> 9.2344927 | E2: =Sheet1!F2019 -> 126.849 | F2: DF | G2: DF-Cliff | H2: 2017 | I2: 6 | J2: 1 | K2: =MAX(Sheet1!$M$2019:$M$2024) -> 22.7806 | L2: =MIN(Sheet1!$M$2019:$M$2024) -> 3.105 | N2: 2018 | O2: =AVERAGE(C3:C7) -> 14.319844 | P2: =AVERAGE(C34:C38) -> 18.020608 | Q2: =AVERAGE(C60:C65) -> 15.984698 | R2: =AVERAGE(C89:C93) -> 23.030827 | T2: =STDEV(C3:C7) -> 2.647027 | U2: =STDEV(C34:C38) -> 4.4031169 | V2: =STDEV(C60:C65) -> 2.2737705 | W2: =STDEV(C89:C93) -> 3.5864527
A3: Under42 | B3: 5 | C3: =AVERAGE(Sheet1!$M462:$M480) -> 12.413556 | D3: =STDEV(Sheet1!M462:M480) -> 7.0551877 | E3: =Sheet1!F462 -> 362.425 | F3: DF | G3: DF-Cliff | H3: 2018 | I3: 19 | J3: 1 | K3: =MAX(Sheet1!$M$462:$M$480) -> 21.4544 | L3: =MIN(Sheet1!$M$462:$M$480) -> 2.8813333 | N3: 2019 | O3: =AVERAGE(C8:C12) -> 14.762523 | P3: =AVERAGE(C39:C43) -> 20.520984 | Q3: =AVERAGE(C66:C71) -> 16.163923 | R3: =AVERAGE(C94:C98) -> 23.834772 | T3: =STDEV(C8:C12) -> 2.837187 | U3: =STDEV(C39:C43) -> 3.9629832 | V3: =STDEV(C66:C71) -> 2.5299288 | W3: =STDEV(C94:C98) -> 3.0220202
A4: WAS27 | B4: 5 | C4: =AVERAGE(Sheet1!M2012:M2018) -> 14.488029 | D4: =STDEV(Sheet1!M2012:M2018) -> 8.8871821 | E4: =Sheet1!F2012 -> 137.236 | F4: DF | G4: DF-Cliff | H4: 2018 | I4: 7 | J4: 1 | K4: =MAX(Sheet1!$M$2012:$M$2018) -> 24.432 | L4: =MIN(Sheet1!$M$2012:$M$2018) -> 2.264 | N4: 2020 | O4: =AVERAGE(C13:C17) -> 15.06342 | P4: =AVERAGE(C44:C48) -> 19.172964 | Q4: =AVERAGE(C72:C77) -> 16.952365 | R4: =AVERAGE(C99:C103) -> 21.870989 | T4: =STDEV(C13:C17) -> 3.0011095 | U4: =STDEV(C44:C48) -> 2.3564779 | V4: =STDEV(C72:C77) -> 2.6441647 | W4: =STDEV(C99:C103) -> 2.972964
A5: WAS03 | B5: 5 | C5: =AVERAGE(Sheet1!M2245:M2328) -> 11.56881 | D5: =STDEV(Sheet1!M2245:M2328) -> 4.3556256 | E5: =Sheet1!F2245 -> 1768.016 | F5: DF | G5: DF-Cliff | H5: 2018 | I5: 84 | J5: 1 | K5: =MAX(Sheet1!$M$2245:$M$2328) -> 18.498 | L5: =MIN(Sheet1!$M$2245:$M$2328) -> 2.305 | N5: 2021 | O5: =AVERAGE(C18:C22) -> 12.3085 | P5: =AVERAGE(C49:C51) -> 19.575744 | Q5: =AVERAGE(C78:C82) -> 16.053044 | R5: =AVERAGE(C104:C108) -> 21.205441 | T5: =STDEV(C18:C22) -> 2.9978467 | U5: =STDEV(C49:C51) -> 3.6328243 | V5: =STDEV(C78:C82) -> 4.6872997 | W5: =STDEV(C104:C108) -> 3.781044
A6: WAS21 | B6: 5 | C6: =AVERAGE(Sheet1!M2082:M2095) -> 18.3975 | D6: =STDEV(Sheet1!M2082:M2095) -> 11.114815 | E6: =Sheet1!F2082 -> 387.229 | F6: DF | G6: DF-Cliff | H6: 2018 | I6: 14 | J6: 1 | K6: =MAX(Sheet1!$M$2082:$M$2095) -> 31.33075 | L6: =MIN(Sheet1!$M$2082:$M$2095) -> 1.36525 | N6: 2022 | O6: =AVERAGE(C23:C27) -> 13.396568 | P6: =AVERAGE(C29) -> 19.969505 | Q6: =AVERAGE(C83:C85) -> 12.77745 | R6: =AVERAGE(C109:C111) -> 21.239151 | T6: =STDEV(C23:C27) -> 2.0017589 | U6: 0 | V6: =STDEV(C83:C85) -> 2.2369895 | W6: =STDEV(C109:C111) -> 4.6629931
A7: WAS36 | B7: 5 | C7: =AVERAGE(Sheet1!M2545:M2609) -> 14.731328 | D7: =STDEV(Sheet1!M2545:M2609) -> 8.5115434 | E7: =Sheet1!F2545 -> 1629.597 | F7: DF | G7: DF-Cliff | H7: 2018 | I7: 65 | J7: 1 | K7: =MAX(Sheet1!$M$2545:$M$2609) -> 27.731 | L7: =MIN(Sheet1!$M$2545:$M$2609) -> 1.8016667
A8: Under42 | B8: 4 | C8: =AVERAGE(Sheet1!$M443:$M461) -> 15.066495 | D8: =STDEV(Sheet1!M443:M461) -> 6.2202979 | E8: =Sheet1!F443 -> 431.778 | F8: DF | G8: DF-Cliff | H8: 2019 | I8: 19 | J8: 1 | K8: =MAX(Sheet1!$M$443:$M$461) -> 23.0992 | L8: =MIN(Sheet1!$M$443:$M$461) -> 3.4764
A9: WAS27 | B9: 4 | C9: =AVERAGE(Sheet1!M2005:M2011) -> 15.214257 | D9: =STDEV(Sheet1!M2005:M2011) -> 9.8187617 | E9: =Sheet1!F2005 -> 113.564 | F9: DF | G9: DF-Cliff | H9: 2019 | I9: 7 | J9: 1 | K9: =MAX(Sheet1!$M$2005:$M$2011) -> 24.2126 | L9: =MIN(Sheet1!$M$2005:$M$2011) -> 2.387
A10: WAS03 | B10: 4 | C10: =AVERAGE(Sheet1!M2171:M2244) -> 10.575836 | D10: =STDEV(Sheet1!M2171:M2244) -> 4.5284319 | E10: =Sheet1!F2171 -> 1603.147 | F10: DF | G10: DF-Cliff | H10: 2019 | I10: 74 | J10: 1 | K10: =MAX(Sheet1!$M$2171:$M$2244) -> 21.538333 | L10: =MIN(Sheet1!$M$2171:$M$2244) -> 2.0123333
A11: WAS21 | B11: 4 | C11: =AVERAGE(Sheet1!M2070:M2081) -> 18.538097 | D11: =STDEV(Sheet1!M2070:M2081) -> 11.498691 | E11: =Sheet1!F2070 -> 324.199 | F11: DF | G11: DF-Cliff | H11: 2019 | I11: 12 | J11: 1 | K11: =MAX(Sheet1!$M$2070:$M$2081) -> 30.76125 | L11: =MIN(Sheet1!$M$2070:$M$2081) -> 1.066
A12: WAS36 | B12: 4 | C12: =AVERAGE(Sheet1!M2486:M2544) -> 14.417929 | D12: =STDEV(Sheet1!M2486:M2544) -> 8.1183657 | E12: =Sheet1!F2486 -> 1644.91 | F12: DF | G12: DF-Cliff | H12: 2019 | I12: 59 | J12: 1 | K12: =MAX(Sheet1!$M$2486:$M$2544) -> 28.720667 | L12: =MIN(Sheet1!$M$2486:$M$2544) -> 2.6415
A13: Under42 | B13: 3 | C13: =AVERAGE(Sheet1!$M417:$M461) -> 15.017814 | D13: =STDEV(Sheet1!M417:M461) -> 7.0770658 | E13: =Sheet1!F417 -> 610.678 | F13: DF | G13: DF-Cliff | H13: 2020 | I13: 26 | J13: 1 | K13: =MAX(Sheet1!$M$417:$M$442) -> 25.2568 | L13: =MIN(Sheet1!$M$417:$M$442) -> 3.202
A14: WAS27 | B14: 3 | C14: =AVERAGE(Sheet1!M1998:M2004) -> 11.12155 | D14: =STDEV(Sheet1!M1998:M2004) -> 8.810714 | E14: =Sheet1!F1998 -> 131.297 | F14: DF | G14: DF-Cliff | H14: 2020 | I14: 7 | J14: 1 | K14: =MAX(Sheet1!$M$1998:$M$2004) -> 21.2292 | L14: =MIN(Sheet1!$M$1998:$M$2004) -> 0.755
A15: WAS03 | B15: 3 | C15: =AVERAGE(Sheet1!M2137:M2170) -> 13.300863 | D15: =STDEV(Sheet1!M2137:M2170) -> 6.884056 | E15: =Sheet1!F2137 -> 726.634 | F15: DF | G15: DF-Cliff | H15: 2020 | I15: 34 | J15: 1 | K15: =MAX(Sheet1!$M$2137:$M$2170) -> 23.214667 | L15: =MIN(Sheet1!$M$2137:$M$2170) -> 1.258
A16: WAS21 | B16: 3 | C16: =AVERAGE(Sheet1!M2055:M2069) -> 18.58965 | D16: =STDEV(Sheet1!M2055:M2069) -> 9.2957454 | E16: =Sheet1!F2055 -> 399.727 | F16: DF | G16: DF-Cliff | H16: 2020 | I16: 15 | J16: 1 | K16: =MAX(Sheet1!$M$2055:$M$2069) -> 30.6025 | L16: =MIN(Sheet1!$M$2055:$M$2069) -> 1.509
A17: WAS36 | B17: 3 | C17: =AVERAGE(Sheet1!M2417:M2485) -> 17.287225 | D17: =STDEV(Sheet1!M2417:M2485) -> 8.4984606 | E17: =Sheet1!F2417 -> 1905.399 | F17: DF | G17: DF-Cliff | H17: 2020 | I17: 69 | J17: 1 | K17: =MAX(Sheet1!$M$2417:$M$2485) -> 33.746 | L17: =MIN(Sheet1!$M$2417:$M$2485) -> 2.0123333
A18: Under42 | B18: 2 | C18: =AVERAGE(Sheet1!$M$387:$M$416) -> 10.875368 | D18: =STDEV(Sheet1!$M$387:$M$416) -> 5.3277708 | E18: =Sheet1!F387 -> 602.096 | F18: DF | G18: DF-Cliff | H18: 2021 | I18: 30 | J18: 1 | K18: =MAX(Sheet1!$M$387:$M$416) -> 20.7356 | L18: =MIN(Sheet1!$M$387:$M$416) -> 3.24525
A19: WAS27 | B19: 2 | C19: =AVERAGE(Sheet1!M1991:M1997) -> 11.900514 | D19: =STDEV(Sheet1!M1991:M1997) -> 9.0509889 | E19: =Sheet1!F1991 -> 145.48 | F19: DF | G19: DF-Cliff | H19: 2021 | I19: 7 | J19: 1 | K19: =MAX(Sheet1!$M$1991:$M$1997) -> 24.7878 | L19: =MIN(Sheet1!$M$1991:$M$1997) -> 1.698
A20: WAS03 | B20: 2 | C20: =AVERAGE(Sheet1!M2118:M2136) -> 8.6285439 | D20: =STDEV(Sheet1!M2118:M2136) -> 4.8491371 | E20: =Sheet1!F2118 -> 367.554 | F20: DF | G20: DF-Cliff | H20: 2021 | I20: 19 | J20: 1 | K20: =MAX(Sheet1!$M$2118:$M$2136) -> 19.882667 | L20: =MIN(Sheet1!$M$2118:$M$2136) -> 1.509
A21: WAS21 | B21: 2 | C21: =AVERAGE(Sheet1!M2047:M2054) -> 16.641427 | D21: =STDEV(Sheet1!M2047:M2054) -> 10.976868 | E21: =Sheet1!F2047 -> 191.793 | F21: DF | G21: DF-Cliff | H21: 2021 | I21: 8 | J21: 1 | K21: =MAX(Sheet1!$M$2047:$M$2054) -> 32.08725 | L21: =MIN(Sheet1!$M$2047:$M$2054) -> 2.0436667
A22: WAS36 | B22: 2 | C22: =AVERAGE(Sheet1!M2373:M2416) -> 13.496644 | D22: =STDEV(Sheet1!M2373:M2416) -> 6.7195139 | E22: =Sheet1!F2373 -> 1101.854 | F22: DF | G22: DF-Cliff | H22: 2021 | I22: 44 | J22: 1 | K22: =MAX(Sheet1!$M$2373:$M$2416) -> 22.430667 | L22: =MIN(Sheet1!$M$2373:$M$2416) -> 3.019
A23: Under42 | B23: 1 | C23: =AVERAGE(Sheet1!$M325:$M386) -> 12.274506 | D23: =STDEV(Sheet1!M325:M386) -> 4.9615523 | E23: =Sheet1!F325 -> 1376.001 | F23: DF | G23: DF-Cliff | H23: 2022 | I23: 62 | J23: 1 | K23: =MAX(Sheet1!$M$325:$M$386) -> 22.019 | L23: =MIN(Sheet1!$M$325:$M$386) -> 3.6155
A24: WAS27 | B24: 1 | C24: =AVERAGE(Sheet1!$M1979:$M1990) -> 12.649196 | D24: =STDEV(Sheet1!M1979:M1990) -> 8.6034348 | E24: =Sheet1!F1979 -> 245.18 | F24: DF | G24: DF-Cliff | H24: 2022 | I24: 12 | J24: 1 | K24: =MAX(Sheet1!$M$1979:$M$1990) -> 24.56625 | L24: =MIN(Sheet1!$M$1979:$M$1990) -> 1.27
A25: WAS03 | B25: 1 | C25: =AVERAGE(Sheet1!M2096:M2117) -> 11.070879 | D25: =STDEV(Sheet1!M2096:M2117) -> 6.5936219 | E25: =Sheet1!F2096 -> 420.705 | F25: DF | G25: DF-Cliff | H25: 2022 | I25: 22 | J25: 1 | K25: =MAX(Sheet1!$M$2096:$M$2117) -> 20.669333 | L25: =MIN(Sheet1!$M$2096:$M$2117) -> 1.299
A26: WAS21 | B26: 1 | C26: =AVERAGE(Sheet1!M2025:M2046) -> 15.527269 | D26: =STDEV(Sheet1!M2025:M2046) -> 10.384145 | E26: =Sheet1!F2025 -> 535.179 | F26: DF | G26: DF-Cliff | H26: 2022 | I26: 22 | J26: 1 | K26: =MAX(Sheet1!$M$2025:$M$2046) -> 33.14025 | L26: =MIN(Sheet1!$M$2025:$M$2046) -> 2.0533333
A27: WAS36 | B27: 1 | C27: =AVERAGE(Sheet1!M2329:M2372) -> 15.460992 | D27: =STDEV(Sheet1!M2329:M2372) -> 8.7100957 | E27: =Sheet1!F2329 -> 1209.663 | F27: DF | G27: DF-Cliff | H27: 2022 | I27: 44 | J27: 1 | K27: =MAX(Sheet1!$M$2329:$M$2372) -> 28.360333 | L27: =MIN(Sheet1!$M$2329:$M$2372) -> 3.05
A29: WAS49 | B29: 1 | C29: =AVERAGE(Sheet1!M867:M912) -> 19.969505 | D29: =STDEV(Sheet1!M867:M912) -> 10.627503 | E29: =Sheet1!F867 -> 1323.574 | F29: DF | G29: DF-Soil | H29: 2022 | I29: 46 | J29: 2 | K29: =MAX(Sheet1!$M$867:$M$912) -> 33.0615 | L29: =MIN(Sheet1!$M$867:$M$912) -> 2.67225
A30: GT-1 | B30: 5 | C30: =AVERAGE(Sheet1!$M1196:$M1213) -> 13.983009 | D30: =STDEV(Sheet1!$M1196:$M1213) -> 7.8470613 | E30: =Sheet1!F1196 -> 452.085 | F30: DF | G30: DF-Soil | H30: 2016 | I30: 18 | J30: 2 | K30: =MAX(Sheet1!$M$1196:$M$1213) -> 25.011333 | L30: =MIN(Sheet1!$M$1196:$M$1213) -> 3.2703333
A31: GT-1 | B31: 4 | C31: =AVERAGE(Sheet1!$M1167:$M1195) -> 14.756109 | D31: =STDEV(Sheet1!$M1167:$M1195) -> 8.3993394 | E31: =Sheet1!F1167 -> 420.935 | F31: DF | G31: DF-Soil | H31: 2017 | I31: 29 | J31: 2 | K31: =MAX(Sheet1!$M$1167:$M$1195) -> 32.321333 | L31: =MIN(Sheet1!$M$1167:$M$1195) -> 3.019
A32: WAS61 | B32: 5 | C32: =AVERAGE(Sheet1!$M4192:$M4240) -> 21.860133 | D32: =STDEV(Sheet1!$M4192:$M4240) -> 10.188186 | E32: =Sheet1!F4192 -> 1439.465 | F32: DF | G32: DF-Soil | H32: 2017 | I32: 49 | J32: 2 | K32: =MAX(Sheet1!$M$4192:$M$4240) -> 34.3605 | L32: =MIN(Sheet1!$M$4192:$M$4240) -> 1.509
A33: GT-3 | B33: 5 | C33: =AVERAGE(Sheet1!$M1366:$M1396) -> 24.165247 | D33: =STDEV(Sheet1!$M1366:$M1396) -> 10.598889 | E33: =Sheet1!F1366 -> 1064.767 | F33: DF | G33: DF-Soil | H33: 2017 | I33: 31 | J33: 2 | K33: =MAX(Sheet1!$M$1366:$M$1396) -> 37.248 | L33: =MIN(Sheet1!$M$1366:$M$1396) -> 3.396
A34: WAS49 | B34: 5 | C34: =AVERAGE(Sheet1!M1027:M1083) -> 20.37737 | D34: =STDEV(Sheet1!M1027:M1083) -> 12.436045 | E34: =Sheet1!F1027 -> 1627.582 | F34: DF | G34: DF-Soil | H34: 2018 | I34: 57 | J34: 2 | K34: =MAX(Sheet1!$M$1027:$M$1083) -> 35.78475 | L34: =MIN(Sheet1!$M$1027:$M$1083) -> 1.509
A35: GT-1 | B35: 3 | C35: =AVERAGE(Sheet1!M1143:M1166) -> 16.757326 | D35: =STDEV(Sheet1!M1143:M1166) -> 9.0738562 | E35: =Sheet1!F1143 -> 639.045 | F35: DF | G35: DF-Soil | H35: 2018 | I35: 24 | J35: 2 | K35: =MAX(Sheet1!$M$1143:$M$1166) -> 28.098667 | L35: =MIN(Sheet1!$M$1143:$M$1166) -> 3.1395
A36: WAS61 | B36: 4 | C36: =AVERAGE(Sheet1!$M4125:$M4191) -> 14.991075 | D36: =STDEV(Sheet1!$M4125:$M4191) -> 10.976248 | E36: =Sheet1!F4125 -> 1788.031 | F36: DF | G36: DF-Soil | H36: 2018 | I36: 67 | J36: 2 | K36: =MAX(Sheet1!$M$4125:$M$4191) -> 37.812 | L36: =MIN(Sheet1!$M$4125:$M$4191) -> 1.5985
A37: GT-3 | B37: 4 | C37: =AVERAGE(Sheet1!$M1326:$M1365) -> 24.435987 | D37: =STDEV(Sheet1!$M1326:$M1365) -> 10.61986 | E37: =Sheet1!F1326 -> 1274.031 | F37: DF | G37: DF-Soil | H37: 2018 | I37: 40 | J37: 2 | K37: =MAX(Sheet1!$M$1326:$M$1365) -> 40.285333 | L37: =MIN(Sheet1!$M$1326:$M$1365) -> 2.264
A38: GT-4 | B38: 3 | C38: =AVERAGE(Sheet1!$M2989:$M3088) -> 13.54128 | D38: =STDEV(Sheet1!$M2989:$M3088) -> 8.8310435 | E38: =Sheet1!F2989 -> 2620.428 | F38: DF | G38: DF-Soil | H38: 2018 | I38: 100 | J38: 2 | K38: =MAX(Sheet1!$M$2989:$M$3088) -> 36.6665 | L38: =MIN(Sheet1!$M$2989:$M$3088) -> 4.9325
A39: WAS49 | B39: 4 | C39: =AVERAGE(Sheet1!M970:M1026) -> 20.470963 | D39: =STDEV(Sheet1!M970:M1026) -> 10.74954 | E39: =Sheet1!F970 -> 1538.623 | F39: DF | G39: DF-Soil | H39: 2019 | I39: 57 | J39: 2 | K39: =MAX(Sheet1!$M$970:$M$1026) -> 38.19275 | L39: =MIN(Sheet1!$M$970:$M$1026) -> 1.132
A40: GT-1 | B40: 2 | C40: =AVERAGE(Sheet1!M1110:M1142) -> 17.243389 | D40: =STDEV(Sheet1!M1110:M1142) -> 7.745381 | E40: =Sheet1!F1110 -> 629.78 | F40: DF | G40: DF-Soil | H40: 2019 | I40: 32 | J40: 2 | K40: =MAX(Sheet1!$M$1110:$M$1142) -> 27.082667 | L40: =MIN(Sheet1!$M$1110:$M$1142) -> 2.0126667
A41: WAS61 | B41: 3 | C41: =AVERAGE(Sheet1!$M4041:$M4124) -> 17.729214 | D41: =STDEV(Sheet1!$M4041:$M4124) -> 8.7688025 | E41: =Sheet1!F4041 -> 2419.83 | F41: DF | G41: DF-Soil | H41: 2019 | I41: 84 | J41: 2 | K41: =MAX(Sheet1!$M$4041:$M$4124) -> 30.6835 | L41: =MIN(Sheet1!$M$4041:$M$4124) -> 3.4275
A42: GT-3 | B42: 3 | C42: =AVERAGE(Sheet1!$M1290:$M1325) -> 27.155477 | D42: =STDEV(Sheet1!$M1290:$M1325) -> 10.604617 | E42: =Sheet1!F1290 -> 1309.314 | F42: DF | G42: DF-Soil | H42: 2019 | I42: 36 | J42: 2 | K42: =MAX(Sheet1!$M$1290:$M$1325) -> 39.15 | L42: =MIN(Sheet1!$M$1290:$M$1325) -> 6.0376667
A43: GT-4 | B43: 2 | C43: =AVERAGE(Sheet1!$M2858:$M2988) -> 20.005875 | D43: =STDEV(Sheet1!$M2858:$M2988) -> 10.078924 | E43: =Sheet1!F2858 -> 3872.019 | F43: DF | G43: DF-Soil | H43: 2019 | I43: 131 | J43: 2 | K43: =MAX(Sheet1!$M$2858:$M$2988) -> 39.519667 | L43: =MIN(Sheet1!$M$2858:$M$2988) -> 3.7733333
A44: WAS49 | B44: 3 | C44: =AVERAGE(Sheet1!M945:M969) -> 17.37445 | D44: =STDEV(Sheet1!M945:M969) -> 10.712472 | E44: =Sheet1!F945 -> 638.173 | F44: DF | G44: DF-Soil | H44: 2020 | I44: 25 | J44: 2 | K44: =MAX(Sheet1!$M$945:$M$969) -> 31.94525 | L44: =MIN(Sheet1!$M$945:$M$969) -> 2.264
A45: GT-1 | B45: 1 | C45: =AVERAGE(Sheet1!M1084:M1109) -> 17.211276 | D45: =STDEV(Sheet1!M1084:M1109) -> 9.3910904 | E45: =Sheet1!F1084 -> 829.447 | F45: DF | G45: DF-Soil | H45: 2020 | I45: 26 | J45: 2 | K45: =MAX(Sheet1!$M$1084:$M$1109) -> 30.003 | L45: =MIN(Sheet1!$M$1084:$M$1109) -> 3.4335
A46: WAS61 | B46: 2 | C46: =AVERAGE(Sheet1!$M3953:$M4040) -> 19.095077 | D46: =STDEV(Sheet1!$M3953:$M4040) -> 9.9329619 | E46: =Sheet1!F3953 -> 2565.377 | F46: DF | G46: DF-Soil | H46: 2020 | I46: 88 | J46: 2 | K46: =MAX(Sheet1!$M$3953:$M$4040) -> 36.508 | L46: =MIN(Sheet1!$M$3953:$M$4040) -> 0.755
A47: GT-3 | B47: 2 | C47: =AVERAGE(Sheet1!$M1247:$M1289) -> 23.061469 | D47: =STDEV(Sheet1!$M1247:$M1289) -> 12.078368 | E47: =Sheet1!F1247 -> 1445.727 | F47: DF | G47: DF-Soil | H47: 2020 | I47: 43 | J47: 2 | K47: =MAX(Sheet1!$M$1247:$M$1289) -> 40.030667 | L47: =MIN(Sheet1!$M$1247:$M$1289) -> 1.509
A48: GT-4 | B48: 1 | C48: =AVERAGE(Sheet1!$M2752:$M2850) -> 19.122547 | D48: =STDEV(Sheet1!$M2752:$M2850) -> 11.711656 | E48: =Sheet1!F2752 -> 2967.5532 | F48: DF | G48: DF-Soil | H48: 2020 | I48: 106 | J48: 2 | K48: =MAX(Sheet1!$M$2752:$M$2857) -> 40.017557 | L48: =MIN(Sheet1!$M$2752:$M$2857) -> 1.132
A49: WAS49 | B49: 2 | C49: =AVERAGE(Sheet1!M913:M944) -> 17.682638 | D49: =STDEV(Sheet1!M913:M944) -> 10.014353 | E49: =Sheet1!F913 -> 796.276 | F49: DF | G49: DF-Soil | H49: 2021 | I49: 32 | J49: 2 | K49: =MAX(Sheet1!$M$913:$M$944) -> 30.267 | L49: =MIN(Sheet1!$M$913:$M$944) -> 1.8203333
A50: WAS61 | B50: 1 | C50: =AVERAGE(Sheet1!$M3884:$M3952) -> 17.280457 | D50: =STDEV(Sheet1!$M3884:$M3952) -> 9.5834022 | E50: =Sheet1!F3884 -> 1849.748 | F50: DF | G50: DF-Soil | H50: 2021 | I50: 69 | J50: 2 | K50: =MAX(Sheet1!$M$3884:$M$3952) -> 31.7465 | L50: =MIN(Sheet1!$M$3884:$M$3952) -> 1.509
A51: GT-3 | B51: 1 | C51: =AVERAGE(Sheet1!$M1214:$M1246) -> 23.764136 | D51: =STDEV(Sheet1!$M1214:$M1246) -> 13.426803 | E51: =Sheet1!F1214 -> 1100.974 | F51: DF | G51: DF-Soil | H51: 2021 | I51: 33 | J51: 2 | K51: =MAX(Sheet1!$M$1214:$M$1246) -> 42.308667 | L51: =MIN(Sheet1!$M$1214:$M$1246) -> 3.019
A53: WAS51 | B53: 8 | C53: =AVERAGE(Sheet1!$Q314:$Q323) -> 13.853288 | D53: =STDEV(Sheet1!$Q314:$Q323) -> 5.6088404 | E53: =Sheet1!V196 -> 200.31321 | F53: ES | G53: ES-Cliff | H53: 2015 | I53: 10 | J53: 3 | K53: =MAX(Sheet1!$Q$314:$Q$323) -> 19.473358 | L53: =MIN(Sheet1!$Q$314:$Q$323) -> 3.2952453
A54: WAS51 | B54: 7 | C54: =AVERAGE(Sheet1!$Q307:$Q313) -> 14.568992 | D54: =STDEV(Sheet1!$Q307:$Q313) -> 8.4965195 | E54: =Sheet1!V195 -> 131.14038 | F54: ES | G54: ES-Cliff | H54: 2016 | I54: 7 | J54: 3 | K54: =MAX(Sheet1!$Q$307:$Q$313) -> 24.24634 | L54: =MIN(Sheet1!$Q$307:$Q$313) -> 3.776
A55: WAS42 | B55: 5 | C55: =AVERAGE(Sheet1!$M3166:$M3179) -> 16.871452 | D55: =STDEV(Sheet1!$M3166:$M3179) -> 8.9153321 | E55: =Sheet1!F3166 -> 352.505 | F55: ES | G55: ES-Cliff | H55: 2016 | I55: 14 | J55: 3 | K55: =MAX(Sheet1!$M$3166:$M$3179) -> 29.981667 | L55: =MIN(Sheet1!$M$3166:$M$3179) -> 1.761
A56: WAS51 | B56: 6 | C56: =AVERAGE(Sheet1!$Q295:$Q306) -> 16.094189 | D56: =STDEV(Sheet1!$Q295:$Q306) -> 6.2724703 | E56: =Sheet1!V194 -> 257.57509 | F56: ES | G56: ES-Cliff | H56: 2017 | I56: 12 | J56: 3 | K56: =MAX(Sheet1!$Q$295:$Q$306) -> 22.931321 | L56: =MIN(Sheet1!$Q$295:$Q$306) -> 3.6626415
A57: WAS50 | B57: 5 | C57: =AVERAGE(Sheet1!$M2716:$M2751) -> 17.857755 | D57: =STDEV(Sheet1!$M2716:$M2751) -> 7.6766712 | E57: =Sheet1!F2716 -> 971.39 | F57: ES | G57: ES-Cliff | H57: 2017 | I57: 36 | J57: 3 | K57: =MAX(Sheet1!$M$2716:$M$2751) -> 28.943 | L57: =MIN(Sheet1!$M$2716:$M$2751) -> 1.8865
A58: WAS42 | B58: 4 | C58: =AVERAGE(Sheet1!$M3152:$M3165) -> 18.013833 | D58: =STDEV(Sheet1!$M3152:$M3165) -> 7.6141406 | E58: =Sheet1!F3152 -> 358.694 | F58: ES | G58: ES-Cliff | H58: 2017 | I58: 14 | J58: 3 | K58: =MAX(Sheet1!$M$3152:$M$3165) -> 29.093 | L58: =MIN(Sheet1!$M$3152:$M$3165) -> 3.608
A59: WAS04 | B59: 5 | C59: =AVERAGE(Sheet1!$M550:$M566) -> 21.582157 | D59: =STDEV(Sheet1!$M550:$M566) -> 13.947702 | E59: =Sheet1!F550 -> 506.305 | F59: ES | G59: ES-Cliff | H59: 2017 | I59: 17 | J59: 3 | K59: =MAX(Sheet1!$M$550:$M$566) -> 39.120667 | L59: =MIN(Sheet1!$M$550:$M$566) -> 3.774
A60: AboveP1 | B60: 5 | C60: =AVERAGE(Sheet1!$Q148:$Q188) -> 16.094877 | D60: =STDEV(Sheet1!$Q148:$Q188) -> 6.7810248 | E60: =Sheet1!V7 -> 914.2717 | F60: ES | G60: ES-Cliff | H60: 2018 | I60: 41 | J60: 3 | K60: =MAX(Sheet1!$Q$148:$Q$188) -> 27.343849 | L60: =MIN(Sheet1!$Q$148:$Q$188) -> 3.0433208
A61: WAS51 | B61: 5 | C61: =AVERAGE(Sheet1!$Q280:$Q294) -> 15.521469 | D61: =STDEV(Sheet1!$Q280:$Q294) -> 6.7684806 | E61: =Sheet1!V193 -> 310.91623 | F61: ES | G61: ES-Cliff | H61: 2018 | I61: 15 | J61: 3 | K61: =MAX(Sheet1!$Q$280:$Q$294) -> 22.858415 | L61: =MIN(Sheet1!$Q$280:$Q$294) -> 3.5213585
A62: WAS50 | B62: 4 | C62: =AVERAGE(Sheet1!$M2694:$M2715) -> 17.825833 | D62: =STDEV(Sheet1!$M2694:$M2715) -> 9.3936441 | E62: =Sheet1!F2694 -> 574.278 | F62: ES | G62: ES-Cliff | H62: 2018 | I62: 22 | J62: 3 | K62: =MAX(Sheet1!$M$2694:$M$2715) -> 28.478667 | L62: =MIN(Sheet1!$M$2694:$M$2715) -> 2.5156667
A63: WAS42 | B63: 3 | C63: =AVERAGE(Sheet1!$M3133:$M3151) -> 14.272132 | D63: =STDEV(Sheet1!$M3133:$M3151) -> 7.651091 | E63: =Sheet1!F3133 -> 398.493 | F63: ES | G63: ES-Cliff | H63: 2018 | I63: 19 | J63: 3 | K63: =MAX(Sheet1!$M$3133:$M$3151) -> 24.694667 | L63: =MIN(Sheet1!$M$3133:$M$3151) -> 1.8865
A64: WAS01 | B64: 5 | C64: =AVERAGE(Sheet1!$M3233:$M3240) -> 12.992458 | D64: =STDEV(Sheet1!$M3233:$M3240) -> 7.2756862 | E64: =Sheet1!F3233 -> 151.313 | F64: ES | G64: ES-Cliff | H64: 2018 | I64: 8 | J64: 3 | K64: =MAX(Sheet1!$M$3233:$M$3240) -> 21.527 | L64: =MIN(Sheet1!$M$3233:$M$3240) -> 3.01875
A65: WAS04 | B65: 4 | C65: =AVERAGE(Sheet1!$M534:$M549) -> 19.201417 | D65: =STDEV(Sheet1!$M534:$M549) -> 11.829345 | E65: =Sheet1!F534 -> 488.181 | F65: ES | G65: ES-Cliff | H65: 2018 | I65: 16 | J65: 3 | K65: =MAX(Sheet1!$M$534:$M$549) -> 35.932667 | L65: =MIN(Sheet1!$M$534:$M$549) -> 4.3035
A66: AboveP1 | B66: 4 | C66: =AVERAGE(Sheet1!$Q112:$Q147) -> 13.27749 | D66: =STDEV(Sheet1!$Q112:$Q147) -> 5.2471106 | E66: =Sheet1!V6 -> 723.35019 | F66: ES | G66: ES-Cliff | H66: 2019 | I66: 36 | J66: 3 | K66: =MAX(Sheet1!$Q$112:$Q$147) -> 24.304453 | L66: =MIN(Sheet1!$Q$112:$Q$147) -> 3.4175094
A67: WAS51 | B67: 4 | C67: =AVERAGE(Sheet1!$Q260:$Q279) -> 14.580525 | D67: =STDEV(Sheet1!$Q260:$Q279) -> 6.1672039 | E67: =Sheet1!V192 -> 441.85283 | F67: ES | G67: ES-Cliff | H67: 2019 | I67: 20 | J67: 3 | K67: =MAX(Sheet1!$Q$260:$Q$279) -> 25.198189 | L67: =MIN(Sheet1!$Q$260:$Q$279) -> 3.1628679
A68: WAS50 | B68: 3 | C68: =AVERAGE(Sheet1!$M2667:$M2693) -> 16.813623 | D68: =STDEV(Sheet1!$M2667:$M2693) -> 8.685654 | E68: =Sheet1!F2667 -> 696.831 | F68: ES | G68: ES-Cliff | H68: 2019 | I68: 27 | J68: 3 | K68: =MAX(Sheet1!$M$2667:$M$2693) -> 29.833667 | L68: =MIN(Sheet1!$M$2667:$M$2693) -> 1.509
A69: WAS42 | B69: 2 | C69: =AVERAGE(Sheet1!$M3115:$M3132) -> 19.230213 | D69: =STDEV(Sheet1!$M3115:$M3132) -> 7.6116196 | E69: =Sheet1!F3115 -> 438.491 | F69: ES | G69: ES-Cliff | H69: 2019 | I69: 18 | J69: 3 | K69: =MAX(Sheet1!$M$3115:$M$3132) -> 28.7415 | L69: =MIN(Sheet1!$M$3115:$M$3132) -> 2.6415
A70: WAS01 | B70: 4 | C70: =AVERAGE(Sheet1!$M3225:$M3232) -> 14.189708 | D70: =STDEV(Sheet1!$M3225:$M3232) -> 8.4345949 | E70: =Sheet1!F3225 -> 147.116 | F70: ES | G70: ES-Cliff | H70: 2019 | I70: 8 | J70: 3 | K70: =MAX(Sheet1!$M$3225:$M$3232) -> 22.210667 | L70: =MIN(Sheet1!$M$3225:$M$3232) -> 0.755
